<?xml version="1.0"?>
<ApnFiles>

<IMSI CCMNC="46019">
		<ConfigFileName>ZTE Test</ConfigFileName>
		<UserName/>
		<Password/>
		<LoginNumber>*99#</LoginNumber>
		<AutoGetAPN>0</AutoGetAPN>
		<APN>zte.com</APN>
		<AutoGetDNS>1</AutoGetDNS>
		<MainDNS/>
		<StandbyDNS/>
		<AutoGetPDP>1</AutoGetPDP>
		<PDPAddress/>
		<PDPType>IPv4v6</PDPType>
		<AuthType>PAP</AuthType>
		<AskUserAndPwd>0</AskUserAndPwd>
		<SaveUserAndPwd>0</SaveUserAndPwd>
	</IMSI>
<IMSI CCMNC="46019">
		<ConfigFileName>ZTE Test</ConfigFileName>
		<UserName/>
		<Password/>
		<LoginNumber>*99#</LoginNumber>
		<AutoGetAPN>0</AutoGetAPN>
		<APN>zte.net</APN>
		<AutoGetDNS>1</AutoGetDNS>
		<MainDNS/>
		<StandbyDNS/>
		<AutoGetPDP>1</AutoGetPDP>
		<PDPAddress/>
		<PDPType>IPv4v6</PDPType>
		<AuthType>PAP</AuthType>
		<AskUserAndPwd>0</AskUserAndPwd>
		<SaveUserAndPwd>0</SaveUserAndPwd>
	</IMSI>
<IMSI CCMNC="46019">
		<ConfigFileName>ZTE Test</ConfigFileName>
		<UserName/>
		<Password/>
		<LoginNumber>*99#</LoginNumber>
		<AutoGetAPN>0</AutoGetAPN>
		<APN>cmwap</APN>
		<AutoGetDNS>1</AutoGetDNS>
		<MainDNS/>
		<StandbyDNS/>
		<AutoGetPDP>1</AutoGetPDP>
		<PDPAddress/>
		<PDPType>IPv4v6</PDPType>
		<AuthType>PAP</AuthType>
		<AskUserAndPwd>0</AskUserAndPwd>
		<SaveUserAndPwd>0</SaveUserAndPwd>
	</IMSI>
<IMSI CCMNC="74402">
		<ConfigFileName>clarointernet</ConfigFileName>
		<UserName>ctigprs</UserName>
		<Password>ctigprs999</Password>
		<LoginNumber>*99#</LoginNumber>
		<AutoGetAPN>0</AutoGetAPN>
		<APN>ba.amx</APN>
		<AutoGetDNS>1</AutoGetDNS>
		<MainDNS/>
		<StandbyDNS/>
		<AutoGetPDP>1</AutoGetPDP>
		<PDPAddress/>
		<PDPType>IP</PDPType>
		<AuthType>PAP</AuthType>
		<AskUserAndPwd>0</AskUserAndPwd>
		<SaveUserAndPwd>0</SaveUserAndPwd>
	</IMSI>
<IMSI CCMNC="41303">
		<ConfigFileName>SriLanka Etisalat3G</ConfigFileName>
		<UserName/>
		<Password/>
		<LoginNumber>*99#</LoginNumber>
		<AutoGetAPN>0</AutoGetAPN>
		<APN>ebb</APN>
		<AutoGetDNS>1</AutoGetDNS>
		<MainDNS/>
		<StandbyDNS/>
		<AutoGetPDP>1</AutoGetPDP>
		<PDPAddress/>
		<PDPType>IP</PDPType>
		<AuthType>PAP</AuthType>
		<AskUserAndPwd>0</AskUserAndPwd>
		<SaveUserAndPwd>0</SaveUserAndPwd>
	</IMSI>
<IMSI CCMNC="25905">
		<ConfigFileName>Unite Internet Postpaid</ConfigFileName>
		<UserName/>
		<Password/>
		<LoginNumber>*99#</LoginNumber>
		<AutoGetAPN>0</AutoGetAPN>
		<APN>internet.unite.md</APN>
		<AutoGetDNS>1</AutoGetDNS>
		<MainDNS/>
		<StandbyDNS/>
		<AutoGetPDP>1</AutoGetPDP>
		<PDPAddress/>
		<PDPType>IP</PDPType>
		<AuthType>PAP</AuthType>
		<AskUserAndPwd>0</AskUserAndPwd>
		<SaveUserAndPwd>0</SaveUserAndPwd>
	</IMSI>
<IMSI CCMNC="25999">
		<ConfigFileName>Unite Internet Postpaid</ConfigFileName>
		<UserName/>
		<Password/>
		<LoginNumber>*99#</LoginNumber>
		<AutoGetAPN>0</AutoGetAPN>
		<APN>internet.unite.md</APN>
		<AutoGetDNS>1</AutoGetDNS>
		<MainDNS/>
		<StandbyDNS/>
		<AutoGetPDP>1</AutoGetPDP>
		<PDPAddress/>
		<PDPType>IP</PDPType>
		<AuthType>PAP</AuthType>
		<AskUserAndPwd>0</AskUserAndPwd>
		<SaveUserAndPwd>0</SaveUserAndPwd>
	</IMSI>
<IMSI CCMNC="25905">
		<ConfigFileName>Unite Internet Prepaid</ConfigFileName>
		<UserName/>
		<Password/>
		<LoginNumber>*99#</LoginNumber>
		<AutoGetAPN>0</AutoGetAPN>
		<APN>internet3g.unite.md</APN>
		<AutoGetDNS>1</AutoGetDNS>
		<MainDNS/>
		<StandbyDNS/>
		<AutoGetPDP>1</AutoGetPDP>
		<PDPAddress/>
		<PDPType>IP</PDPType>
		<AuthType>PAP</AuthType>
		<AskUserAndPwd>0</AskUserAndPwd>
		<SaveUserAndPwd>0</SaveUserAndPwd>
	</IMSI>
<IMSI CCMNC="25999">
		<ConfigFileName>Unite Internet Prepaid</ConfigFileName>
		<UserName/>
		<Password/>
		<LoginNumber>*99#</LoginNumber>
		<AutoGetAPN>0</AutoGetAPN>
		<APN>internet3g.unite.md</APN>
		<AutoGetDNS>1</AutoGetDNS>
		<MainDNS/>
		<StandbyDNS/>
		<AutoGetPDP>1</AutoGetPDP>
		<PDPAddress/>
		<PDPType>IP</PDPType>
		<AuthType>PAP</AuthType>
		<AskUserAndPwd>0</AskUserAndPwd>
		<SaveUserAndPwd>0</SaveUserAndPwd>
	</IMSI>
<IMSI CCMNC="26002">
		<ConfigFileName>T-Mobile PL</ConfigFileName>
		<UserName/>
		<Password/>
		<LoginNumber>*99#</LoginNumber>
		<AutoGetAPN>0</AutoGetAPN>
		<APN>internet</APN>
		<AutoGetDNS>1</AutoGetDNS>
		<MainDNS/>
		<StandbyDNS/>
		<AutoGetPDP>1</AutoGetPDP>
		<PDPAddress/>
		<PDPType>IP</PDPType>
		<AuthType>PAP</AuthType>
		<AskUserAndPwd>0</AskUserAndPwd>
		<SaveUserAndPwd>0</SaveUserAndPwd>
	</IMSI>
<IMSI CCMNC="22299">
		<ConfigFileName>3 Italia</ConfigFileName>
		<UserName/>
		<Password/>
		<LoginNumber>*99#</LoginNumber>
		<AutoGetAPN>0</AutoGetAPN>
		<APN>datacard.tre.it</APN>
		<AutoGetDNS>1</AutoGetDNS>
		<MainDNS/>
		<StandbyDNS/>
		<AutoGetPDP>1</AutoGetPDP>
		<PDPAddress/>
		<PDPType>IP</PDPType>
		<AuthType>PAP</AuthType>
		<AskUserAndPwd>0</AskUserAndPwd>
		<SaveUserAndPwd>0</SaveUserAndPwd>
	</IMSI>
<IMSI CCMNC="45601">
		<ConfigFileName>Mobitel</ConfigFileName>
		<UserName>mobitel</UserName>
		<Password>mobitel</Password>
		<LoginNumber>*99***1#</LoginNumber>
		<AutoGetAPN>0</AutoGetAPN>
		<APN>cellcard</APN>
		<AutoGetDNS>1</AutoGetDNS>
		<MainDNS/>
		<StandbyDNS/>
		<AutoGetPDP>1</AutoGetPDP>
		<PDPAddress/>
		<PDPType>IP</PDPType>
		<AuthType>PAP</AuthType>
		<AskUserAndPwd>0</AskUserAndPwd>
		<SaveUserAndPwd>0</SaveUserAndPwd>
	</IMSI>
<IMSI CCMNC="45604">
		<ConfigFileName>QB</ConfigFileName>
		<UserName/>
		<Password/>
		<LoginNumber>*99***1#</LoginNumber>
		<AutoGetAPN>0</AutoGetAPN>
		<APN>WAP</APN>
		<AutoGetDNS>1</AutoGetDNS>
		<MainDNS/>
		<StandbyDNS/>
		<AutoGetPDP>1</AutoGetPDP>
		<PDPAddress/>
		<PDPType>IP</PDPType>
		<AuthType>PAP</AuthType>
		<AskUserAndPwd>0</AskUserAndPwd>
		<SaveUserAndPwd>0</SaveUserAndPwd>
	</IMSI>
<IMSI CCMNC="45605">
		<ConfigFileName>Star Cell</ConfigFileName>
		<UserName/>
		<Password/>
		<LoginNumber>*99#</LoginNumber>
		<AutoGetAPN>0</AutoGetAPN>
		<APN>intemet</APN>
		<AutoGetDNS>1</AutoGetDNS>
		<MainDNS/>
		<StandbyDNS/>
		<AutoGetPDP>1</AutoGetPDP>
		<PDPAddress/>
		<PDPType>IP</PDPType>
		<AuthType>PAP</AuthType>
		<AskUserAndPwd>0</AskUserAndPwd>
		<SaveUserAndPwd>0</SaveUserAndPwd>
	</IMSI>
<IMSI CCMNC="45606">
		<ConfigFileName>Smart mobile</ConfigFileName>
		<UserName/>
		<Password/>
		<LoginNumber>*99#</LoginNumber>
		<AutoGetAPN>0</AutoGetAPN>
		<APN>smart</APN>
		<AutoGetDNS>1</AutoGetDNS>
		<MainDNS/>
		<StandbyDNS/>
		<AutoGetPDP>1</AutoGetPDP>
		<PDPAddress/>
		<PDPType>IP</PDPType>
		<AuthType>PAP</AuthType>
		<AskUserAndPwd>0</AskUserAndPwd>
		<SaveUserAndPwd>0</SaveUserAndPwd>
	</IMSI>
<IMSI CCMNC="45609">
		<ConfigFileName>Beeline</ConfigFileName>
		<UserName/>
		<Password/>
		<LoginNumber>*99#</LoginNumber>
		<AutoGetAPN>0</AutoGetAPN>
		<APN>gprs.beeline.com.kh</APN>
		<AutoGetDNS>1</AutoGetDNS>
		<MainDNS/>
		<StandbyDNS/>
		<AutoGetPDP>1</AutoGetPDP>
		<PDPAddress/>
		<PDPType>IP</PDPType>
		<AuthType>PAP</AuthType>
		<AskUserAndPwd>0</AskUserAndPwd>
		<SaveUserAndPwd>0</SaveUserAndPwd>
	</IMSI>
<IMSI CCMNC="45618">
		<ConfigFileName>Mfone</ConfigFileName>
		<UserName/>
		<Password/>
		<LoginNumber>*99#</LoginNumber>
		<AutoGetAPN>0</AutoGetAPN>
		<APN>Mfone</APN>
		<AutoGetDNS>1</AutoGetDNS>
		<MainDNS/>
		<StandbyDNS/>
		<AutoGetPDP>1</AutoGetPDP>
		<PDPAddress/>
		<PDPType>IP</PDPType>
		<AuthType>PAP</AuthType>
		<AskUserAndPwd>0</AskUserAndPwd>
		<SaveUserAndPwd>0</SaveUserAndPwd>
	</IMSI>
<IMSI CCMNC="45400">
		<ConfigFileName>CSL</ConfigFileName>
		<UserName/>
		<Password/>
		<LoginNumber>*99#</LoginNumber>
		<AutoGetAPN>0</AutoGetAPN>
		<APN>lte.internet</APN>
		<AutoGetDNS>1</AutoGetDNS>
		<MainDNS/>
		<StandbyDNS/>
		<AutoGetPDP>1</AutoGetPDP>
		<PDPAddress/>
		<PDPType>IP</PDPType>
		<AuthType>PAP</AuthType>
		<AskUserAndPwd>0</AskUserAndPwd>
		<SaveUserAndPwd>0</SaveUserAndPwd>
	</IMSI>
<IMSI CCMNC="45400">
		<ConfigFileName>Next G</ConfigFileName>
		<UserName/>
		<Password/>
		<LoginNumber>*99#</LoginNumber>
		<AutoGetAPN>0</AutoGetAPN>
		<APN>NextG.Internet</APN>
		<AutoGetDNS>1</AutoGetDNS>
		<MainDNS/>
		<StandbyDNS/>
		<AutoGetPDP>1</AutoGetPDP>
		<PDPAddress/>
		<PDPType>IP</PDPType>
		<AuthType>NONE</AuthType>
		<AskUserAndPwd>0</AskUserAndPwd>
		<SaveUserAndPwd>0</SaveUserAndPwd>
	</IMSI>
<IMSI CCMNC="45400">
		<ConfigFileName>1O1O</ConfigFileName>
		<UserName/>
		<Password/>
		<LoginNumber>*99#</LoginNumber>
		<AutoGetAPN>0</AutoGetAPN>
		<APN>lte.internet</APN>
		<AutoGetDNS>1</AutoGetDNS>
		<MainDNS/>
		<StandbyDNS/>
		<AutoGetPDP>1</AutoGetPDP>
		<PDPAddress/>
		<PDPType>IP</PDPType>
		<AuthType>PAP</AuthType>
		<AskUserAndPwd>0</AskUserAndPwd>
		<SaveUserAndPwd>0</SaveUserAndPwd>
	</IMSI>
<IMSI CCMNC="45402">
		<ConfigFileName>CSL</ConfigFileName>
		<UserName/>
		<Password/>
		<LoginNumber>*99#</LoginNumber>
		<AutoGetAPN>0</AutoGetAPN>
		<APN>lte.internet</APN>
		<AutoGetDNS>1</AutoGetDNS>
		<MainDNS/>
		<StandbyDNS/>
		<AutoGetPDP>1</AutoGetPDP>
		<PDPAddress/>
		<PDPType>IP</PDPType>
		<AuthType>PAP</AuthType>
		<AskUserAndPwd>0</AskUserAndPwd>
		<SaveUserAndPwd>0</SaveUserAndPwd>
	</IMSI>
<IMSI CCMNC="45402">
		<ConfigFileName>one2free Next G Prepaid</ConfigFileName>
		<UserName/>
		<Password/>
		<LoginNumber>*99#</LoginNumber>
		<AutoGetAPN>0</AutoGetAPN>
		<APN>CSLP3</APN>
		<AutoGetDNS>1</AutoGetDNS>
		<MainDNS/>
		<StandbyDNS/>
		<AutoGetPDP>1</AutoGetPDP>
		<PDPAddress/>
		<PDPType>IP</PDPType>
		<AuthType>PAP</AuthType>
		<AskUserAndPwd>0</AskUserAndPwd>
		<SaveUserAndPwd>0</SaveUserAndPwd>
	</IMSI>
<IMSI CCMNC="51021">
		<ConfigFileName>M3</ConfigFileName>
		<UserName>gprs</UserName>
		<Password>im3</Password>
		<LoginNumber>*99#</LoginNumber>
		<AutoGetAPN>0</AutoGetAPN>
		<APN>indosatgprs</APN>
		<AutoGetDNS>1</AutoGetDNS>
		<MainDNS/>
		<StandbyDNS/>
		<AutoGetPDP>1</AutoGetPDP>
		<PDPAddress/>
		<PDPType>IP</PDPType>
		<AuthType>PAP</AuthType>
		<AskUserAndPwd>0</AskUserAndPwd>
		<SaveUserAndPwd>0</SaveUserAndPwd>
	</IMSI>
<IMSI CCMNC="43215">
		<ConfigFileName>Irancell</ConfigFileName>
		<UserName/>
		<Password/>
		<LoginNumber>*99#</LoginNumber>
		<AutoGetAPN>0</AutoGetAPN>
		<APN>mtnirancell</APN>
		<AutoGetDNS>1</AutoGetDNS>
		<MainDNS/>
		<StandbyDNS/>
		<AutoGetPDP>1</AutoGetPDP>
		<PDPAddress/>
		<PDPType>IP</PDPType>
		<AuthType>PAP</AuthType>
		<AskUserAndPwd>0</AskUserAndPwd>
		<SaveUserAndPwd>0</SaveUserAndPwd>
	</IMSI>
<IMSI CCMNC="50213">
		<ConfigFileName>Celcom</ConfigFileName>
		<UserName/>
		<Password/>
		<LoginNumber>*99#</LoginNumber>
		<AutoGetAPN>0</AutoGetAPN>
		<APN>celcom3g</APN>
		<AutoGetDNS>1</AutoGetDNS>
		<MainDNS/>
		<StandbyDNS/>
		<AutoGetPDP>1</AutoGetPDP>
		<PDPAddress/>
		<PDPType>IP</PDPType>
		<AuthType>PAP</AuthType>
		<AskUserAndPwd>0</AskUserAndPwd>
		<SaveUserAndPwd>0</SaveUserAndPwd>
	</IMSI>
<IMSI CCMNC="50212">
		<ConfigFileName>Postpaid</ConfigFileName>
		<UserName>maxis</UserName>
		<Password>wap</Password>
		<LoginNumber>*99#</LoginNumber>
		<AutoGetAPN>0</AutoGetAPN>
		<APN>maxisbb</APN>
		<AutoGetDNS>1</AutoGetDNS>
		<MainDNS/>
		<StandbyDNS/>
		<AutoGetPDP>1</AutoGetPDP>
		<PDPAddress/>
		<PDPType>IP</PDPType>
		<AuthType>CHAP</AuthType>
		<AskUserAndPwd>0</AskUserAndPwd>
		<SaveUserAndPwd>0</SaveUserAndPwd>
	</IMSI>
<IMSI CCMNC="50212">
		<ConfigFileName>Prepaid</ConfigFileName>
		<UserName>maxis</UserName>
		<Password>wap</Password>
		<LoginNumber>*99#</LoginNumber>
		<AutoGetAPN>0</AutoGetAPN>
		<APN>bbnet</APN>
		<AutoGetDNS>1</AutoGetDNS>
		<MainDNS/>
		<StandbyDNS/>
		<AutoGetPDP>1</AutoGetPDP>
		<PDPAddress/>
		<PDPType>IP</PDPType>
		<AuthType>CHAP</AuthType>
		<AskUserAndPwd>0</AskUserAndPwd>
		<SaveUserAndPwd>0</SaveUserAndPwd>
	</IMSI>
<IMSI CCMNC="51501">
		<ConfigFileName>Sun Nomad</ConfigFileName>
		<UserName/>
		<Password/>
		<LoginNumber>*99#</LoginNumber>
		<AutoGetAPN>0</AutoGetAPN>
		<APN>mbband</APN>
		<AutoGetDNS>1</AutoGetDNS>
		<MainDNS/>
		<StandbyDNS/>
		<AutoGetPDP>1</AutoGetPDP>
		<PDPAddress/>
		<PDPType>IP</PDPType>
		<AuthType>PAP</AuthType>
		<AskUserAndPwd>0</AskUserAndPwd>
		<SaveUserAndPwd>0</SaveUserAndPwd>
	</IMSI>
<IMSI CCMNC="51501">
		<ConfigFileName>Sun Standard</ConfigFileName>
		<UserName/>
		<Password/>
		<LoginNumber>*99#</LoginNumber>
		<AutoGetAPN>0</AutoGetAPN>
		<APN>fbband</APN>
		<AutoGetDNS>1</AutoGetDNS>
		<MainDNS/>
		<StandbyDNS/>
		<AutoGetPDP>1</AutoGetPDP>
		<PDPAddress/>
		<PDPType>IP</PDPType>
		<AuthType>PAP</AuthType>
		<AskUserAndPwd>0</AskUserAndPwd>
		<SaveUserAndPwd>0</SaveUserAndPwd>
	</IMSI>
<IMSI CCMNC="51503">
		<ConfigFileName>Smart</ConfigFileName>
		<UserName/>
		<Password/>
		<LoginNumber>*99#</LoginNumber>
		<AutoGetAPN>0</AutoGetAPN>
		<APN>internet</APN>
		<AutoGetDNS>1</AutoGetDNS>
		<MainDNS/>
		<StandbyDNS/>
		<AutoGetPDP>1</AutoGetPDP>
		<PDPAddress/>
		<PDPType>IP</PDPType>
		<AuthType>PAP</AuthType>
		<AskUserAndPwd>0</AskUserAndPwd>
		<SaveUserAndPwd>0</SaveUserAndPwd>
	</IMSI>
<IMSI CCMNC="51505">
		<ConfigFileName>Sun Nomad</ConfigFileName>
		<UserName/>
		<Password/>
		<LoginNumber>*99#</LoginNumber>
		<AutoGetAPN>0</AutoGetAPN>
		<APN>mbband</APN>
		<AutoGetDNS>1</AutoGetDNS>
		<MainDNS/>
		<StandbyDNS/>
		<AutoGetPDP>1</AutoGetPDP>
		<PDPAddress/>
		<PDPType>IP</PDPType>
		<AuthType>PAP</AuthType>
		<AskUserAndPwd>0</AskUserAndPwd>
		<SaveUserAndPwd>0</SaveUserAndPwd>
	</IMSI>
<IMSI CCMNC="51505">
		<ConfigFileName>Sun Standard</ConfigFileName>
		<UserName/>
		<Password/>
		<LoginNumber>*99#</LoginNumber>
		<AutoGetAPN>0</AutoGetAPN>
		<APN>fbband</APN>
		<AutoGetDNS>1</AutoGetDNS>
		<MainDNS/>
		<StandbyDNS/>
		<AutoGetPDP>1</AutoGetPDP>
		<PDPAddress/>
		<PDPType>IP</PDPType>
		<AuthType>PAP</AuthType>
		<AskUserAndPwd>0</AskUserAndPwd>
		<SaveUserAndPwd>0</SaveUserAndPwd>
	</IMSI>
<IMSI CCMNC="51505">
		<ConfigFileName>Sun Internet</ConfigFileName>
		<UserName/>
		<Password/>
		<LoginNumber>*99#</LoginNumber>
		<AutoGetAPN>0</AutoGetAPN>
		<APN>minternet</APN>
		<AutoGetDNS>1</AutoGetDNS>
		<MainDNS/>
		<StandbyDNS/>
		<AutoGetPDP>1</AutoGetPDP>
		<PDPAddress/>
		<PDPType>IP</PDPType>
		<AuthType>PAP</AuthType>
		<AskUserAndPwd>0</AskUserAndPwd>
		<SaveUserAndPwd>0</SaveUserAndPwd>
	</IMSI>
<IMSI CCMNC="42001">
		<ConfigFileName>Telecom</ConfigFileName>
		<UserName/>
		<Password/>
		<LoginNumber>*99#</LoginNumber>
		<AutoGetAPN>0</AutoGetAPN>
		<APN>jawalnet.com.sa</APN>
		<AutoGetDNS>1</AutoGetDNS>
		<MainDNS/>
		<StandbyDNS/>
		<AutoGetPDP>1</AutoGetPDP>
		<PDPAddress/>
		<PDPType>IP</PDPType>
		<AuthType>PAP</AuthType>
		<AskUserAndPwd>0</AskUserAndPwd>
		<SaveUserAndPwd>0</SaveUserAndPwd>
	</IMSI>
<IMSI CCMNC="42401">
		<ConfigFileName>Etisalat</ConfigFileName>
		<UserName>Mnet</UserName>
		<Password>Mnet</Password>
		<LoginNumber>*99#</LoginNumber>
		<AutoGetAPN>0</AutoGetAPN>
		<APN>mnet</APN>
		<AutoGetDNS>1</AutoGetDNS>
		<MainDNS/>
		<StandbyDNS/>
		<AutoGetPDP>1</AutoGetPDP>
		<PDPAddress/>
		<PDPType>IP</PDPType>
		<AuthType>PAP</AuthType>
		<AskUserAndPwd>0</AskUserAndPwd>
		<SaveUserAndPwd>0</SaveUserAndPwd>
	</IMSI>
<IMSI CCMNC="42402">
		<ConfigFileName>Etisalat</ConfigFileName>
		<UserName>Mnet</UserName>
		<Password>Mnet</Password>
		<LoginNumber>*99#</LoginNumber>
		<AutoGetAPN>0</AutoGetAPN>
		<APN>mnet</APN>
		<AutoGetDNS>1</AutoGetDNS>
		<MainDNS/>
		<StandbyDNS/>
		<AutoGetPDP>1</AutoGetPDP>
		<PDPAddress/>
		<PDPType>IP</PDPType>
		<AuthType>PAP</AuthType>
		<AskUserAndPwd>0</AskUserAndPwd>
		<SaveUserAndPwd>0</SaveUserAndPwd>
	</IMSI>
<IMSI CCMNC="45402">
		<ConfigFileName>1O1O Public</ConfigFileName>
		<UserName/>
		<Password/>
		<LoginNumber>*99#</LoginNumber>
		<AutoGetAPN>0</AutoGetAPN>
		<APN>lte.public</APN>
		<AutoGetDNS>1</AutoGetDNS>
		<MainDNS/>
		<StandbyDNS/>
		<AutoGetPDP>1</AutoGetPDP>
		<PDPAddress/>
		<PDPType>IP</PDPType>
		<AuthType>PAP</AuthType>
		<AskUserAndPwd>0</AskUserAndPwd>
		<SaveUserAndPwd>0</SaveUserAndPwd>
	</IMSI>
<IMSI CCMNC="45410">
		<ConfigFileName>CSL</ConfigFileName>
		<UserName/>
		<Password/>
		<LoginNumber>*99#</LoginNumber>
		<AutoGetAPN>0</AutoGetAPN>
		<APN>lte.internet</APN>
		<AutoGetDNS>1</AutoGetDNS>
		<MainDNS/>
		<StandbyDNS/>
		<AutoGetPDP>1</AutoGetPDP>
		<PDPAddress/>
		<PDPType>IP</PDPType>
		<AuthType>PAP</AuthType>
		<AskUserAndPwd>0</AskUserAndPwd>
		<SaveUserAndPwd>0</SaveUserAndPwd>
	</IMSI>
<IMSI CCMNC="45410">
		<ConfigFileName>one2free Next G Prepaid</ConfigFileName>
		<UserName/>
		<Password/>
		<LoginNumber>*99#</LoginNumber>
		<AutoGetAPN>0</AutoGetAPN>
		<APN>CSLP3</APN>
		<AutoGetDNS>1</AutoGetDNS>
		<MainDNS/>
		<StandbyDNS/>
		<AutoGetPDP>1</AutoGetPDP>
		<PDPAddress/>
		<PDPType>IP</PDPType>
		<AuthType>PAP</AuthType>
		<AskUserAndPwd>0</AskUserAndPwd>
		<SaveUserAndPwd>0</SaveUserAndPwd>
	</IMSI>
<IMSI CCMNC="45410">
		<ConfigFileName>NextG</ConfigFileName>
		<UserName/>
		<Password/>
		<LoginNumber>*99#</LoginNumber>
		<AutoGetAPN>0</AutoGetAPN>
		<APN>lte.public</APN>
		<AutoGetDNS>1</AutoGetDNS>
		<MainDNS/>
		<StandbyDNS/>
		<AutoGetPDP>1</AutoGetPDP>
		<PDPAddress/>
		<PDPType>IP</PDPType>
		<AuthType>PAP</AuthType>
		<AskUserAndPwd>0</AskUserAndPwd>
		<SaveUserAndPwd>0</SaveUserAndPwd>
	</IMSI>
<IMSI CCMNC="45418">
		<ConfigFileName>CSL</ConfigFileName>
		<UserName/>
		<Password/>
		<LoginNumber>*99#</LoginNumber>
		<AutoGetAPN>0</AutoGetAPN>
		<APN>lte.internet</APN>
		<AutoGetDNS>1</AutoGetDNS>
		<MainDNS/>
		<StandbyDNS/>
		<AutoGetPDP>1</AutoGetPDP>
		<PDPAddress/>
		<PDPType>IP</PDPType>
		<AuthType>PAP</AuthType>
		<AskUserAndPwd>0</AskUserAndPwd>
		<SaveUserAndPwd>0</SaveUserAndPwd>
	</IMSI>
<IMSI CCMNC="45418">
		<ConfigFileName>one2free Next G Prepaid</ConfigFileName>
		<UserName/>
		<Password/>
		<LoginNumber>*99#</LoginNumber>
		<AutoGetAPN>0</AutoGetAPN>
		<APN>CSLP3</APN>
		<AutoGetDNS>1</AutoGetDNS>
		<MainDNS/>
		<StandbyDNS/>
		<AutoGetPDP>1</AutoGetPDP>
		<PDPAddress/>
		<PDPType>IP</PDPType>
		<AuthType>PAP</AuthType>
		<AskUserAndPwd>0</AskUserAndPwd>
		<SaveUserAndPwd>0</SaveUserAndPwd>
	</IMSI>
<IMSI CCMNC="45418">
		<ConfigFileName>NextG Pulic</ConfigFileName>
		<UserName/>
		<Password/>
		<LoginNumber>*99#</LoginNumber>
		<AutoGetAPN>0</AutoGetAPN>
		<APN>lte.public</APN>
		<AutoGetDNS>1</AutoGetDNS>
		<MainDNS/>
		<StandbyDNS/>
		<AutoGetPDP>1</AutoGetPDP>
		<PDPAddress/>
		<PDPType>IP</PDPType>
		<AuthType>PAP</AuthType>
		<AskUserAndPwd>0</AskUserAndPwd>
		<SaveUserAndPwd>0</SaveUserAndPwd>
	</IMSI>
<IMSI CCMNC="73602">
		<ConfigFileName>ENTEL 4G</ConfigFileName>
		<UserName/>
		<Password/>
		<LoginNumber>*99#</LoginNumber>
		<AutoGetAPN>0</AutoGetAPN>
		<APN>4g.entel</APN>
		<AutoGetDNS>1</AutoGetDNS>
		<MainDNS/>
		<StandbyDNS/>
		<AutoGetPDP>1</AutoGetPDP>
		<PDPAddress/>
		<PDPType>IP</PDPType>
		<AuthType>CHAP</AuthType>
		<AskUserAndPwd>0</AskUserAndPwd>
		<SaveUserAndPwd>0</SaveUserAndPwd>
	</IMSI>
<IMSI CCMNC="73602">
		<ConfigFileName>ENTEL Internet</ConfigFileName>
		<UserName/>
		<Password/>
		<LoginNumber>*99#</LoginNumber>
		<AutoGetAPN>0</AutoGetAPN>
		<APN>int.movil.com.bo</APN>
		<AutoGetDNS>1</AutoGetDNS>
		<MainDNS/>
		<StandbyDNS/>
		<AutoGetPDP>1</AutoGetPDP>
		<PDPAddress/>
		<PDPType>IP</PDPType>
		<AuthType>CHAP</AuthType>
		<AskUserAndPwd>0</AskUserAndPwd>
		<SaveUserAndPwd>0</SaveUserAndPwd>
	</IMSI>
<IMSI CCMNC="73601">
		<ConfigFileName>VIVA</ConfigFileName>
		<UserName/>
		<Password/>
		<LoginNumber>*99#</LoginNumber>
		<AutoGetAPN>0</AutoGetAPN>
		<APN>3g.nuevatel.com</APN>
		<AutoGetDNS>1</AutoGetDNS>
		<MainDNS/>
		<StandbyDNS/>
		<AutoGetPDP>1</AutoGetPDP>
		<PDPAddress/>
		<PDPType>IP</PDPType>
		<AuthType>PAP</AuthType>
		<AskUserAndPwd>0</AskUserAndPwd>
		<SaveUserAndPwd>0</SaveUserAndPwd>
	</IMSI>
<IMSI CCMNC="74405">
		<ConfigFileName>Internet Personal</ConfigFileName>
		<UserName>personal</UserName>
		<Password>personal</Password>
		<LoginNumber>*99#</LoginNumber>
		<AutoGetAPN>0</AutoGetAPN>
		<APN>internetba</APN>
		<AutoGetDNS>1</AutoGetDNS>
		<MainDNS/>
		<StandbyDNS/>
		<AutoGetPDP>1</AutoGetPDP>
		<PDPAddress/>
		<PDPType>IP</PDPType>
		<AuthType>CHAP</AuthType>
		<AskUserAndPwd>0</AskUserAndPwd>
		<SaveUserAndPwd>0</SaveUserAndPwd>
	</IMSI>
<IMSI CCMNC="43603">
		<ConfigFileName>MLT&amp;#65288;Internet&amp;#65289;</ConfigFileName>
		<UserName/>
		<Password/>
		<LoginNumber>*99#</LoginNumber>
		<AutoGetAPN>0</AutoGetAPN>
		<APN>internet</APN>
		<AutoGetDNS>1</AutoGetDNS>
		<MainDNS/>
		<StandbyDNS/>
		<AutoGetPDP>1</AutoGetPDP>
		<PDPAddress/>
		<PDPType>IP</PDPType>
		<AuthType>PAP</AuthType>
		<AskUserAndPwd>0</AskUserAndPwd>
		<SaveUserAndPwd>0</SaveUserAndPwd>
	</IMSI>
<IMSI CCMNC="63903">
		<ConfigFileName>Airtel Kenya</ConfigFileName>
		<UserName>none</UserName>
		<Password>none</Password>
		<LoginNumber>*99#</LoginNumber>
		<AutoGetAPN>0</AutoGetAPN>
		<APN>ke.celtel.com</APN>
		<AutoGetDNS>1</AutoGetDNS>
		<MainDNS/>
		<StandbyDNS/>
		<AutoGetPDP>1</AutoGetPDP>
		<PDPAddress/>
		<PDPType>IP</PDPType>
		<AuthType>PAP</AuthType>
		<AskUserAndPwd>0</AskUserAndPwd>
		<SaveUserAndPwd>0</SaveUserAndPwd>
	</IMSI>
<IMSI CCMNC="62120">
		<ConfigFileName>Airtel Nigeria</ConfigFileName>
		<UserName>none</UserName>
		<Password>none</Password>
		<LoginNumber>*99#</LoginNumber>
		<AutoGetAPN>0</AutoGetAPN>
		<APN>internet.ng.zain.com</APN>
		<AutoGetDNS>1</AutoGetDNS>
		<MainDNS/>
		<StandbyDNS/>
		<AutoGetPDP>1</AutoGetPDP>
		<PDPAddress/>
		<PDPType>IP</PDPType>
		<AuthType>PAP</AuthType>
		<AskUserAndPwd>0</AskUserAndPwd>
		<SaveUserAndPwd>0</SaveUserAndPwd>
	</IMSI>
<IMSI CCMNC="64501">
		<ConfigFileName>Airtel Zambia</ConfigFileName>
		<UserName>none</UserName>
		<Password>none</Password>
		<LoginNumber>*99#</LoginNumber>
		<AutoGetAPN>0</AutoGetAPN>
		<APN>internet</APN>
		<AutoGetDNS>1</AutoGetDNS>
		<MainDNS/>
		<StandbyDNS/>
		<AutoGetPDP>1</AutoGetPDP>
		<PDPAddress/>
		<PDPType>IP</PDPType>
		<AuthType>PAP</AuthType>
		<AskUserAndPwd>0</AskUserAndPwd>
		<SaveUserAndPwd>0</SaveUserAndPwd>
	</IMSI>
<IMSI CCMNC="64101">
		<ConfigFileName>Airtel Uganda</ConfigFileName>
		<UserName>none</UserName>
		<Password>none</Password>
		<LoginNumber>*99#</LoginNumber>
		<AutoGetAPN>0</AutoGetAPN>
		<APN>web.ug.zain.com</APN>
		<AutoGetDNS>1</AutoGetDNS>
		<MainDNS/>
		<StandbyDNS/>
		<AutoGetPDP>1</AutoGetPDP>
		<PDPAddress/>
		<PDPType>IP</PDPType>
		<AuthType>PAP</AuthType>
		<AskUserAndPwd>0</AskUserAndPwd>
		<SaveUserAndPwd>0</SaveUserAndPwd>
	</IMSI>
<IMSI CCMNC="61302">
		<ConfigFileName>Airtel BURKINA FASO</ConfigFileName>
		<UserName>none</UserName>
		<Password>none</Password>
		<LoginNumber>*99#</LoginNumber>
		<AutoGetAPN>0</AutoGetAPN>
		<APN>internet.bf.celtel.com</APN>
		<AutoGetDNS>1</AutoGetDNS>
		<MainDNS/>
		<StandbyDNS/>
		<AutoGetPDP>1</AutoGetPDP>
		<PDPAddress/>
		<PDPType>IP</PDPType>
		<AuthType>PAP</AuthType>
		<AskUserAndPwd>0</AskUserAndPwd>
		<SaveUserAndPwd>0</SaveUserAndPwd>
	</IMSI>
<IMSI CCMNC="65010">
		<ConfigFileName>Airtel Malawi</ConfigFileName>
		<UserName>none</UserName>
		<Password>none</Password>
		<LoginNumber>*99#</LoginNumber>
		<AutoGetAPN>0</AutoGetAPN>
		<APN>internet</APN>
		<AutoGetDNS>1</AutoGetDNS>
		<MainDNS/>
		<StandbyDNS/>
		<AutoGetPDP>1</AutoGetPDP>
		<PDPAddress/>
		<PDPType>IP</PDPType>
		<AuthType>PAP</AuthType>
		<AskUserAndPwd>0</AskUserAndPwd>
		<SaveUserAndPwd>0</SaveUserAndPwd>
	</IMSI>
<IMSI CCMNC="63002">
		<ConfigFileName>Airtel DRC</ConfigFileName>
		<UserName>none</UserName>
		<Password>none</Password>
		<LoginNumber>*99#</LoginNumber>
		<AutoGetAPN>0</AutoGetAPN>
		<APN>internet</APN>
		<AutoGetDNS>1</AutoGetDNS>
		<MainDNS/>
		<StandbyDNS/>
		<AutoGetPDP>1</AutoGetPDP>
		<PDPAddress/>
		<PDPType>IP</PDPType>
		<AuthType>PAP</AuthType>
		<AskUserAndPwd>0</AskUserAndPwd>
		<SaveUserAndPwd>0</SaveUserAndPwd>
	</IMSI>
<IMSI CCMNC="62901">
		<ConfigFileName>Airtel Congo B</ConfigFileName>
		<UserName>none</UserName>
		<Password>none</Password>
		<LoginNumber>*99***1#</LoginNumber>
		<AutoGetAPN>0</AutoGetAPN>
		<APN>internet.cg.airtel.com</APN>
		<AutoGetDNS>1</AutoGetDNS>
		<MainDNS/>
		<StandbyDNS/>
		<AutoGetPDP>1</AutoGetPDP>
		<PDPAddress/>
		<PDPType>IP</PDPType>
		<AuthType>PAP</AuthType>
		<AskUserAndPwd>0</AskUserAndPwd>
		<SaveUserAndPwd>0</SaveUserAndPwd>
	</IMSI>
<IMSI CCMNC="62201">
		<ConfigFileName>Airtel Tchad</ConfigFileName>
		<UserName>none</UserName>
		<Password>none</Password>
		<LoginNumber>*99#</LoginNumber>
		<AutoGetAPN>0</AutoGetAPN>
		<APN>internet.td.zain.com</APN>
		<AutoGetDNS>1</AutoGetDNS>
		<MainDNS/>
		<StandbyDNS/>
		<AutoGetPDP>1</AutoGetPDP>
		<PDPAddress/>
		<PDPType>IP</PDPType>
		<AuthType>PAP</AuthType>
		<AskUserAndPwd>0</AskUserAndPwd>
		<SaveUserAndPwd>0</SaveUserAndPwd>
	</IMSI>
<IMSI CCMNC="61402">
		<ConfigFileName>Airtel Niger</ConfigFileName>
		<UserName>none</UserName>
		<Password>none</Password>
		<LoginNumber>*99#</LoginNumber>
		<AutoGetAPN>0</AutoGetAPN>
		<APN>internet.ne.airtel.com</APN>
		<AutoGetDNS>1</AutoGetDNS>
		<MainDNS/>
		<StandbyDNS/>
		<AutoGetPDP>1</AutoGetPDP>
		<PDPAddress/>
		<PDPType>IP</PDPType>
		<AuthType>PAP</AuthType>
		<AskUserAndPwd>0</AskUserAndPwd>
		<SaveUserAndPwd>0</SaveUserAndPwd>
	</IMSI>
<IMSI CCMNC="64601">
		<ConfigFileName>Airtel Madagascar</ConfigFileName>
		<UserName>none</UserName>
		<Password>none</Password>
		<LoginNumber>*99#</LoginNumber>
		<AutoGetAPN>0</AutoGetAPN>
		<APN>internet.mg.airtel.com</APN>
		<AutoGetDNS>1</AutoGetDNS>
		<MainDNS/>
		<StandbyDNS/>
		<AutoGetPDP>1</AutoGetPDP>
		<PDPAddress/>
		<PDPType>IP</PDPType>
		<AuthType>PAP</AuthType>
		<AskUserAndPwd>0</AskUserAndPwd>
		<SaveUserAndPwd>0</SaveUserAndPwd>
	</IMSI>
<IMSI CCMNC="64005">
		<ConfigFileName>Airtel Tanzania</ConfigFileName>
		<UserName>none</UserName>
		<Password>none</Password>
		<LoginNumber>*99#</LoginNumber>
		<AutoGetAPN>0</AutoGetAPN>
		<APN>internet</APN>
		<AutoGetDNS>1</AutoGetDNS>
		<MainDNS/>
		<StandbyDNS/>
		<AutoGetPDP>1</AutoGetPDP>
		<PDPAddress/>
		<PDPType>IP</PDPType>
		<AuthType>PAP</AuthType>
		<AskUserAndPwd>0</AskUserAndPwd>
		<SaveUserAndPwd>0</SaveUserAndPwd>
	</IMSI>
<IMSI CCMNC="61901">
		<ConfigFileName>Airtel Sierra Leone</ConfigFileName>
		<UserName>none</UserName>
		<Password>none</Password>
		<LoginNumber>*99#</LoginNumber>
		<AutoGetAPN>0</AutoGetAPN>
		<APN>internet.sl.airtel.com</APN>
		<AutoGetDNS>1</AutoGetDNS>
		<MainDNS/>
		<StandbyDNS/>
		<AutoGetPDP>1</AutoGetPDP>
		<PDPAddress/>
		<PDPType>IP</PDPType>
		<AuthType>PAP</AuthType>
		<AskUserAndPwd>0</AskUserAndPwd>
		<SaveUserAndPwd>0</SaveUserAndPwd>
	</IMSI>
<IMSI CCMNC="62803">
		<ConfigFileName>Airtel Gabon</ConfigFileName>
		<UserName>none</UserName>
		<Password>none</Password>
		<LoginNumber>*99#</LoginNumber>
		<AutoGetAPN>0</AutoGetAPN>
		<APN>internet.ga.airtel.com</APN>
		<AutoGetDNS>1</AutoGetDNS>
		<MainDNS/>
		<StandbyDNS/>
		<AutoGetPDP>1</AutoGetPDP>
		<PDPAddress/>
		<PDPType>IP</PDPType>
		<AuthType>PAP</AuthType>
		<AskUserAndPwd>0</AskUserAndPwd>
		<SaveUserAndPwd>0</SaveUserAndPwd>
	</IMSI>
<IMSI CCMNC="62006">
		<ConfigFileName>Airtel Ghana</ConfigFileName>
		<UserName>none</UserName>
		<Password>none</Password>
		<LoginNumber>*99#</LoginNumber>
		<AutoGetAPN>0</AutoGetAPN>
		<APN>internet</APN>
		<AutoGetDNS>1</AutoGetDNS>
		<MainDNS/>
		<StandbyDNS/>
		<AutoGetPDP>1</AutoGetPDP>
		<PDPAddress/>
		<PDPType>IP</PDPType>
		<AuthType>PAP</AuthType>
		<AskUserAndPwd>0</AskUserAndPwd>
		<SaveUserAndPwd>0</SaveUserAndPwd>
	</IMSI>
<IMSI CCMNC="63310">
		<ConfigFileName>Airtel Seychelles</ConfigFileName>
		<UserName>none</UserName>
		<Password>none</Password>
		<LoginNumber>*99#</LoginNumber>
		<AutoGetAPN>0</AutoGetAPN>
		<APN>airtelgprs.com</APN>
		<AutoGetDNS>1</AutoGetDNS>
		<MainDNS/>
		<StandbyDNS/>
		<AutoGetPDP>1</AutoGetPDP>
		<PDPAddress/>
		<PDPType>IP</PDPType>
		<AuthType>PAP</AuthType>
		<AskUserAndPwd>0</AskUserAndPwd>
		<SaveUserAndPwd>0</SaveUserAndPwd>
	</IMSI>
<IMSI CCMNC="42901">
		<ConfigFileName>Namaste</ConfigFileName>
		<UserName/>
		<Password/>
		<LoginNumber>*99#</LoginNumber>
		<AutoGetAPN>0</AutoGetAPN>
		<APN>ntnet</APN>
		<AutoGetDNS>1</AutoGetDNS>
		<MainDNS/>
		<StandbyDNS/>
		<AutoGetPDP>1</AutoGetPDP>
		<PDPAddress/>
		<PDPType>IP</PDPType>
		<AuthType>PAP</AuthType>
		<AskUserAndPwd>0</AskUserAndPwd>
		<SaveUserAndPwd>0</SaveUserAndPwd>
	</IMSI>
<IMSI CCMNC="42902">
		<ConfigFileName>Ncell</ConfigFileName>
		<UserName/>
		<Password/>
		<LoginNumber>*99#</LoginNumber>
		<AutoGetAPN>0</AutoGetAPN>
		<APN>web</APN>
		<AutoGetDNS>1</AutoGetDNS>
		<MainDNS/>
		<StandbyDNS/>
		<AutoGetPDP>1</AutoGetPDP>
		<PDPAddress/>
		<PDPType>IP</PDPType>
		<AuthType>PAP</AuthType>
		<AskUserAndPwd>0</AskUserAndPwd>
		<SaveUserAndPwd>0</SaveUserAndPwd>
	</IMSI>
<IMSI CCMNC="45701">
		<ConfigFileName>LTC</ConfigFileName>
		<UserName/>
		<Password/>
		<LoginNumber>*99#</LoginNumber>
		<AutoGetAPN>0</AutoGetAPN>
		<APN>ltcnet</APN>
		<AutoGetDNS>1</AutoGetDNS>
		<MainDNS/>
		<StandbyDNS/>
		<AutoGetPDP>1</AutoGetPDP>
		<PDPAddress/>
		<PDPType>IP</PDPType>
		<AuthType>CHAP</AuthType>
		<AskUserAndPwd>0</AskUserAndPwd>
		<SaveUserAndPwd>0</SaveUserAndPwd>
	</IMSI>
<IMSI CCMNC="45702">
		<ConfigFileName>ETL</ConfigFileName>
		<UserName/>
		<Password/>
		<LoginNumber>*99***1#</LoginNumber>
		<AutoGetAPN>0</AutoGetAPN>
		<APN>etlnet</APN>
		<AutoGetDNS>1</AutoGetDNS>
		<MainDNS/>
		<StandbyDNS/>
		<AutoGetPDP>1</AutoGetPDP>
		<PDPAddress/>
		<PDPType>IP</PDPType>
		<AuthType>PAP</AuthType>
		<AskUserAndPwd>0</AskUserAndPwd>
		<SaveUserAndPwd>0</SaveUserAndPwd>
	</IMSI>
<IMSI CCMNC="45703">
		<ConfigFileName>Unitel 3G</ConfigFileName>
		<UserName/>
		<Password/>
		<LoginNumber>*99#</LoginNumber>
		<AutoGetAPN>0</AutoGetAPN>
		<APN>unitel3g</APN>
		<AutoGetDNS>1</AutoGetDNS>
		<MainDNS/>
		<StandbyDNS/>
		<AutoGetPDP>1</AutoGetPDP>
		<PDPAddress/>
		<PDPType>IP</PDPType>
		<AuthType>PAP</AuthType>
		<AskUserAndPwd>0</AskUserAndPwd>
		<SaveUserAndPwd>0</SaveUserAndPwd>
	</IMSI>
<IMSI CCMNC="45608">
		<ConfigFileName>Metfone</ConfigFileName>
		<UserName/>
		<Password/>
		<LoginNumber>*99***1#</LoginNumber>
		<AutoGetAPN>0</AutoGetAPN>
		<APN>Metfone</APN>
		<AutoGetDNS>1</AutoGetDNS>
		<MainDNS/>
		<StandbyDNS/>
		<AutoGetPDP>1</AutoGetPDP>
		<PDPAddress/>
		<PDPType>IP</PDPType>
		<AuthType>PAP</AuthType>
		<AskUserAndPwd>0</AskUserAndPwd>
		<SaveUserAndPwd>0</SaveUserAndPwd>
	</IMSI>
<IMSI CCMNC="45602">
		<ConfigFileName>hello</ConfigFileName>
		<UserName/>
		<Password/>
		<LoginNumber>*99***1#</LoginNumber>
		<AutoGetAPN>0</AutoGetAPN>
		<APN>hellowww</APN>
		<AutoGetDNS>1</AutoGetDNS>
		<MainDNS/>
		<StandbyDNS/>
		<AutoGetPDP>1</AutoGetPDP>
		<PDPAddress/>
		<PDPType>IP</PDPType>
		<AuthType>PAP</AuthType>
		<AskUserAndPwd>0</AskUserAndPwd>
		<SaveUserAndPwd>0</SaveUserAndPwd>
	</IMSI>
<IMSI CCMNC="45601">
		<ConfigFileName>3.5G</ConfigFileName>
		<UserName/>
		<Password/>
		<LoginNumber>*99#</LoginNumber>
		<AutoGetAPN>0</AutoGetAPN>
		<APN>3G</APN>
		<AutoGetDNS>1</AutoGetDNS>
		<MainDNS/>
		<StandbyDNS/>
		<AutoGetPDP>1</AutoGetPDP>
		<PDPAddress/>
		<PDPType>IP</PDPType>
		<AuthType>PAP</AuthType>
		<AskUserAndPwd>0</AskUserAndPwd>
		<SaveUserAndPwd>0</SaveUserAndPwd>
	</IMSI>
<IMSI CCMNC="41007">
		<ConfigFileName>Warid Internet</ConfigFileName>
		<UserName/>
		<Password/>
		<LoginNumber>*99#</LoginNumber>
		<AutoGetAPN>0</AutoGetAPN>
		<APN>warid</APN>
		<AutoGetDNS>1</AutoGetDNS>
		<MainDNS/>
		<StandbyDNS/>
		<AutoGetPDP>1</AutoGetPDP>
		<PDPAddress/>
		<PDPType>IP</PDPType>
		<AuthType>PAP</AuthType>
		<AskUserAndPwd>0</AskUserAndPwd>
		<SaveUserAndPwd>0</SaveUserAndPwd>
	</IMSI>
<IMSI CCMNC="41004">
		<ConfigFileName>ZONG</ConfigFileName>
		<UserName/>
		<Password/>
		<LoginNumber>*99#</LoginNumber>
		<AutoGetAPN>0</AutoGetAPN>
		<APN>zonginternet</APN>
		<AutoGetDNS>1</AutoGetDNS>
		<MainDNS/>
		<StandbyDNS/>
		<AutoGetPDP>1</AutoGetPDP>
		<PDPAddress/>
		<PDPType>IP</PDPType>
		<AuthType>PAP</AuthType>
		<AskUserAndPwd>0</AskUserAndPwd>
		<SaveUserAndPwd>0</SaveUserAndPwd>
	</IMSI>
<IMSI CCMNC="45204">
		<ConfigFileName>Viettel</ConfigFileName>
		<UserName/>
		<Password/>
		<LoginNumber>*99#</LoginNumber>
		<AutoGetAPN>0</AutoGetAPN>
		<APN>e-connect</APN>
		<AutoGetDNS>1</AutoGetDNS>
		<MainDNS/>
		<StandbyDNS/>
		<AutoGetPDP>1</AutoGetPDP>
		<PDPAddress/>
		<PDPType>IP</PDPType>
		<AuthType>PAP</AuthType>
		<AskUserAndPwd>0</AskUserAndPwd>
		<SaveUserAndPwd>0</SaveUserAndPwd>
	</IMSI>
<IMSI CCMNC="45202">
		<ConfigFileName>VinaPhone Mobile Broadband</ConfigFileName>
		<UserName>mms</UserName>
		<Password>mms</Password>
		<LoginNumber>*99#</LoginNumber>
		<AutoGetAPN>0</AutoGetAPN>
		<APN>m3-card</APN>
		<AutoGetDNS>1</AutoGetDNS>
		<MainDNS/>
		<StandbyDNS/>
		<AutoGetPDP>1</AutoGetPDP>
		<PDPAddress/>
		<PDPType>IP</PDPType>
		<AuthType>PAP</AuthType>
		<AskUserAndPwd>0</AskUserAndPwd>
		<SaveUserAndPwd>0</SaveUserAndPwd>
	</IMSI>
<IMSI CCMNC="45208">
		<ConfigFileName>EVNTelecom 3G</ConfigFileName>
		<UserName/>
		<Password/>
		<LoginNumber>*99#</LoginNumber>
		<AutoGetAPN>0</AutoGetAPN>
		<APN>e-internet</APN>
		<AutoGetDNS>1</AutoGetDNS>
		<MainDNS/>
		<StandbyDNS/>
		<AutoGetPDP>1</AutoGetPDP>
		<PDPAddress/>
		<PDPType>IP</PDPType>
		<AuthType>PAP</AuthType>
		<AskUserAndPwd>0</AskUserAndPwd>
		<SaveUserAndPwd>0</SaveUserAndPwd>
	</IMSI>
<IMSI CCMNC="47001">
		<ConfigFileName>GP-Internet</ConfigFileName>
		<UserName/>
		<Password/>
		<LoginNumber>*99#</LoginNumber>
		<AutoGetAPN>0</AutoGetAPN>
		<APN>gpinternet</APN>
		<AutoGetDNS>1</AutoGetDNS>
		<MainDNS/>
		<StandbyDNS/>
		<AutoGetPDP>1</AutoGetPDP>
		<PDPAddress/>
		<PDPType>IP</PDPType>
		<AuthType>PAP</AuthType>
		<AskUserAndPwd>0</AskUserAndPwd>
		<SaveUserAndPwd>0</SaveUserAndPwd>
	</IMSI>
<IMSI CCMNC="47002">
		<ConfigFileName>Robi-Internet</ConfigFileName>
		<UserName/>
		<Password/>
		<LoginNumber>*99#</LoginNumber>
		<AutoGetAPN>0</AutoGetAPN>
		<APN>internet</APN>
		<AutoGetDNS>1</AutoGetDNS>
		<MainDNS/>
		<StandbyDNS/>
		<AutoGetPDP>1</AutoGetPDP>
		<PDPAddress/>
		<PDPType>IP</PDPType>
		<AuthType>PAP</AuthType>
		<AskUserAndPwd>0</AskUserAndPwd>
		<SaveUserAndPwd>0</SaveUserAndPwd>
	</IMSI>
<IMSI CCMNC="47003">
		<ConfigFileName>Banglalink-Internet</ConfigFileName>
		<UserName/>
		<Password/>
		<LoginNumber>*99#</LoginNumber>
		<AutoGetAPN>0</AutoGetAPN>
		<APN>blweb</APN>
		<AutoGetDNS>1</AutoGetDNS>
		<MainDNS/>
		<StandbyDNS/>
		<AutoGetPDP>1</AutoGetPDP>
		<PDPAddress/>
		<PDPType>IP</PDPType>
		<AuthType>PAP</AuthType>
		<AskUserAndPwd>0</AskUserAndPwd>
		<SaveUserAndPwd>0</SaveUserAndPwd>
	</IMSI>
<IMSI CCMNC="47004">
		<ConfigFileName>Teletalk-Internet</ConfigFileName>
		<UserName/>
		<Password/>
		<LoginNumber>*99#</LoginNumber>
		<AutoGetAPN>0</AutoGetAPN>
		<APN>wap</APN>
		<AutoGetDNS>1</AutoGetDNS>
		<MainDNS/>
		<StandbyDNS/>
		<AutoGetPDP>1</AutoGetPDP>
		<PDPAddress/>
		<PDPType>IP</PDPType>
		<AuthType>PAP</AuthType>
		<AskUserAndPwd>0</AskUserAndPwd>
		<SaveUserAndPwd>0</SaveUserAndPwd>
	</IMSI>
<IMSI CCMNC="47006">
		<ConfigFileName>Citycell</ConfigFileName>
		<UserName>waps</UserName>
		<Password>waps</Password>
		<LoginNumber>*99#</LoginNumber>
		<AutoGetAPN>0</AutoGetAPN>
		<APN>waps</APN>
		<AutoGetDNS>1</AutoGetDNS>
		<MainDNS/>
		<StandbyDNS/>
		<AutoGetPDP>1</AutoGetPDP>
		<PDPAddress/>
		<PDPType>IP</PDPType>
		<AuthType>PAP</AuthType>
		<AskUserAndPwd>0</AskUserAndPwd>
		<SaveUserAndPwd>0</SaveUserAndPwd>
	</IMSI>
<IMSI CCMNC="47007">
		<ConfigFileName>Airtel-Internet</ConfigFileName>
		<UserName/>
		<Password/>
		<LoginNumber>*99#</LoginNumber>
		<AutoGetAPN>0</AutoGetAPN>
		<APN>internet</APN>
		<AutoGetDNS>1</AutoGetDNS>
		<MainDNS/>
		<StandbyDNS/>
		<AutoGetPDP>1</AutoGetPDP>
		<PDPAddress/>
		<PDPType>IP</PDPType>
		<AuthType>PAP</AuthType>
		<AskUserAndPwd>0</AskUserAndPwd>
		<SaveUserAndPwd>0</SaveUserAndPwd>
	</IMSI>
<IMSI CCMNC="51402">
		<ConfigFileName>TT LST</ConfigFileName>
		<UserName/>
		<Password/>
		<LoginNumber>*99#</LoginNumber>
		<AutoGetAPN>0</AutoGetAPN>
		<APN>internet</APN>
		<AutoGetDNS>1</AutoGetDNS>
		<MainDNS/>
		<StandbyDNS/>
		<AutoGetPDP>1</AutoGetPDP>
		<PDPAddress/>
		<PDPType>IP</PDPType>
		<AuthType>PAP</AuthType>
		<AskUserAndPwd>0</AskUserAndPwd>
		<SaveUserAndPwd>0</SaveUserAndPwd>
	</IMSI>
<IMSI CCMNC="42801">
		<ConfigFileName>Skynet</ConfigFileName>
		<UserName/>
		<Password/>
		<LoginNumber>*99#</LoginNumber>
		<AutoGetAPN>0</AutoGetAPN>
		<APN>Skynet</APN>
		<AutoGetDNS>1</AutoGetDNS>
		<MainDNS/>
		<StandbyDNS/>
		<AutoGetPDP>1</AutoGetPDP>
		<PDPAddress/>
		<PDPType>IP</PDPType>
		<AuthType>PAP</AuthType>
		<AskUserAndPwd>0</AskUserAndPwd>
		<SaveUserAndPwd>0</SaveUserAndPwd>
	</IMSI>
<IMSI CCMNC="42899">
		<ConfigFileName>MobiCom 3.5G</ConfigFileName>
		<UserName/>
		<Password/>
		<LoginNumber>*99#</LoginNumber>
		<AutoGetAPN>0</AutoGetAPN>
		<APN>internet</APN>
		<AutoGetDNS>1</AutoGetDNS>
		<MainDNS/>
		<StandbyDNS/>
		<AutoGetPDP>1</AutoGetPDP>
		<PDPAddress/>
		<PDPType>IP</PDPType>
		<AuthType>PAP</AuthType>
		<AskUserAndPwd>0</AskUserAndPwd>
		<SaveUserAndPwd>0</SaveUserAndPwd>
	</IMSI>
<IMSI CCMNC="42888">
		<ConfigFileName>Live</ConfigFileName>
		<UserName/>
		<Password/>
		<LoginNumber>*99#</LoginNumber>
		<AutoGetAPN>0</AutoGetAPN>
		<APN>unitel</APN>
		<AutoGetDNS>1</AutoGetDNS>
		<MainDNS/>
		<StandbyDNS/>
		<AutoGetPDP>1</AutoGetPDP>
		<PDPAddress/>
		<PDPType>IP</PDPType>
		<AuthType>PAP</AuthType>
		<AskUserAndPwd>0</AskUserAndPwd>
		<SaveUserAndPwd>0</SaveUserAndPwd>
	</IMSI>
<IMSI CCMNC="25704">
		<ConfigFileName>life</ConfigFileName>
		<UserName/>
		<Password/>
		<LoginNumber>*99#</LoginNumber>
		<AutoGetAPN>0</AutoGetAPN>
		<APN>internet.life.com.by</APN>
		<AutoGetDNS>1</AutoGetDNS>
		<MainDNS/>
		<StandbyDNS/>
		<AutoGetPDP>1</AutoGetPDP>
		<PDPAddress/>
		<PDPType>IP</PDPType>
		<AuthType>PAP</AuthType>
		<AskUserAndPwd>0</AskUserAndPwd>
		<SaveUserAndPwd>0</SaveUserAndPwd>
	</IMSI>
<IMSI CCMNC="25702">
		<ConfigFileName>mts</ConfigFileName>
		<UserName>mts</UserName>
		<Password>mts</Password>
		<LoginNumber>*99#</LoginNumber>
		<AutoGetAPN>0</AutoGetAPN>
		<APN>mts</APN>
		<AutoGetDNS>1</AutoGetDNS>
		<MainDNS/>
		<StandbyDNS/>
		<AutoGetPDP>1</AutoGetPDP>
		<PDPAddress/>
		<PDPType>IP</PDPType>
		<AuthType>PAP</AuthType>
		<AskUserAndPwd>0</AskUserAndPwd>
		<SaveUserAndPwd>0</SaveUserAndPwd>
	</IMSI>
<IMSI CCMNC="40002">
		<ConfigFileName>Bakcell</ConfigFileName>
		<UserName/>
		<Password/>
		<LoginNumber>*99#</LoginNumber>
		<AutoGetAPN>0</AutoGetAPN>
		<APN>gprs</APN>
		<AutoGetDNS>1</AutoGetDNS>
		<MainDNS/>
		<StandbyDNS/>
		<AutoGetPDP>1</AutoGetPDP>
		<PDPAddress/>
		<PDPType>IP</PDPType>
		<AuthType>PAP</AuthType>
		<AskUserAndPwd>0</AskUserAndPwd>
		<SaveUserAndPwd>0</SaveUserAndPwd>
	</IMSI>
<IMSI CCMNC="40001">
		<ConfigFileName>Azercell internet</ConfigFileName>
		<UserName/>
		<Password/>
		<LoginNumber>*99#</LoginNumber>
		<AutoGetAPN>0</AutoGetAPN>
		<APN>internet</APN>
		<AutoGetDNS>1</AutoGetDNS>
		<MainDNS/>
		<StandbyDNS/>
		<AutoGetPDP>1</AutoGetPDP>
		<PDPAddress/>
		<PDPType>IP</PDPType>
		<AuthType>PAP</AuthType>
		<AskUserAndPwd>0</AskUserAndPwd>
		<SaveUserAndPwd>0</SaveUserAndPwd>
	</IMSI>
<IMSI CCMNC="40004">
		<ConfigFileName>NAR Mobile</ConfigFileName>
		<UserName/>
		<Password/>
		<LoginNumber>*99#</LoginNumber>
		<AutoGetAPN>0</AutoGetAPN>
		<APN>nar</APN>
		<AutoGetDNS>1</AutoGetDNS>
		<MainDNS/>
		<StandbyDNS/>
		<AutoGetPDP>1</AutoGetPDP>
		<PDPAddress/>
		<PDPType>IP</PDPType>
		<AuthType>PAP</AuthType>
		<AskUserAndPwd>0</AskUserAndPwd>
		<SaveUserAndPwd>0</SaveUserAndPwd>
	</IMSI>
<IMSI CCMNC="28201">
		<ConfigFileName>Geocell Connect</ConfigFileName>
		<UserName/>
		<Password/>
		<LoginNumber>*99#</LoginNumber>
		<AutoGetAPN>0</AutoGetAPN>
		<APN>internet</APN>
		<AutoGetDNS>1</AutoGetDNS>
		<MainDNS/>
		<StandbyDNS/>
		<AutoGetPDP>1</AutoGetPDP>
		<PDPAddress/>
		<PDPType>IP</PDPType>
		<AuthType>PAP</AuthType>
		<AskUserAndPwd>0</AskUserAndPwd>
		<SaveUserAndPwd>0</SaveUserAndPwd>
	</IMSI>
<IMSI CCMNC="28202">
		<ConfigFileName>MAGTI HSDPA</ConfigFileName>
		<UserName/>
		<Password/>
		<LoginNumber>*99#</LoginNumber>
		<AutoGetAPN>0</AutoGetAPN>
		<APN>3g.ge</APN>
		<AutoGetDNS>1</AutoGetDNS>
		<MainDNS/>
		<StandbyDNS/>
		<AutoGetPDP>1</AutoGetPDP>
		<PDPAddress/>
		<PDPType>IP</PDPType>
		<AuthType>PAP</AuthType>
		<AskUserAndPwd>0</AskUserAndPwd>
		<SaveUserAndPwd>0</SaveUserAndPwd>
	</IMSI>
<IMSI CCMNC="40101">
		<ConfigFileName>Beeline</ConfigFileName>
		<UserName>@internet.beeline</UserName>
		<Password>beeline</Password>
		<LoginNumber>*99***1#</LoginNumber>
		<AutoGetAPN>0</AutoGetAPN>
		<APN>internet.beeline.kz</APN>
		<AutoGetDNS>1</AutoGetDNS>
		<MainDNS/>
		<StandbyDNS/>
		<AutoGetPDP>1</AutoGetPDP>
		<PDPAddress/>
		<PDPType>IP</PDPType>
		<AuthType>PAP</AuthType>
		<AskUserAndPwd>0</AskUserAndPwd>
		<SaveUserAndPwd>0</SaveUserAndPwd>
	</IMSI>
<IMSI CCMNC="43701">
		<ConfigFileName>Skymobile Internet</ConfigFileName>
		<UserName/>
		<Password/>
		<LoginNumber>*99#</LoginNumber>
		<AutoGetAPN>0</AutoGetAPN>
		<APN>internet.beeline.kg</APN>
		<AutoGetDNS>1</AutoGetDNS>
		<MainDNS/>
		<StandbyDNS/>
		<AutoGetPDP>1</AutoGetPDP>
		<PDPAddress/>
		<PDPType>IP</PDPType>
		<AuthType>PAP</AuthType>
		<AskUserAndPwd>0</AskUserAndPwd>
		<SaveUserAndPwd>0</SaveUserAndPwd>
	</IMSI>
<IMSI CCMNC="43705">
		<ConfigFileName>MegaCom</ConfigFileName>
		<UserName/>
		<Password/>
		<LoginNumber>*99#</LoginNumber>
		<AutoGetAPN>0</AutoGetAPN>
		<APN>internet</APN>
		<AutoGetDNS>1</AutoGetDNS>
		<MainDNS/>
		<StandbyDNS/>
		<AutoGetPDP>1</AutoGetPDP>
		<PDPAddress/>
		<PDPType>IP</PDPType>
		<AuthType>PAP</AuthType>
		<AskUserAndPwd>0</AskUserAndPwd>
		<SaveUserAndPwd>0</SaveUserAndPwd>
	</IMSI>
<IMSI CCMNC="43601">
		<ConfigFileName>Somoncom</ConfigFileName>
		<UserName/>
		<Password/>
		<LoginNumber>*99#</LoginNumber>
		<AutoGetAPN>0</AutoGetAPN>
		<APN>somon.com</APN>
		<AutoGetDNS>1</AutoGetDNS>
		<MainDNS/>
		<StandbyDNS/>
		<AutoGetPDP>1</AutoGetPDP>
		<PDPAddress/>
		<PDPType>IP</PDPType>
		<AuthType>PAP</AuthType>
		<AskUserAndPwd>0</AskUserAndPwd>
		<SaveUserAndPwd>0</SaveUserAndPwd>
	</IMSI>
<IMSI CCMNC="43602">
		<ConfigFileName>Tcell</ConfigFileName>
		<UserName/>
		<Password/>
		<LoginNumber>*99#</LoginNumber>
		<AutoGetAPN>0</AutoGetAPN>
		<APN>tcell</APN>
		<AutoGetDNS>1</AutoGetDNS>
		<MainDNS/>
		<StandbyDNS/>
		<AutoGetPDP>1</AutoGetPDP>
		<PDPAddress/>
		<PDPType>IP</PDPType>
		<AuthType>PAP</AuthType>
		<AskUserAndPwd>0</AskUserAndPwd>
		<SaveUserAndPwd>0</SaveUserAndPwd>
	</IMSI>
<IMSI CCMNC="43612">
		<ConfigFileName>Tcell</ConfigFileName>
		<UserName/>
		<Password/>
		<LoginNumber>*99#</LoginNumber>
		<AutoGetAPN>0</AutoGetAPN>
		<APN>tcell</APN>
		<AutoGetDNS>1</AutoGetDNS>
		<MainDNS/>
		<StandbyDNS/>
		<AutoGetPDP>1</AutoGetPDP>
		<PDPAddress/>
		<PDPType>IP</PDPType>
		<AuthType>PAP</AuthType>
		<AskUserAndPwd>0</AskUserAndPwd>
		<SaveUserAndPwd>0</SaveUserAndPwd>
	</IMSI>
<IMSI CCMNC="43801">
		<ConfigFileName>Internet MTS</ConfigFileName>
		<UserName/>
		<Password/>
		<LoginNumber>*99**1*1#</LoginNumber>
		<AutoGetAPN>0</AutoGetAPN>
		<APN>internet.mts.tm</APN>
		<AutoGetDNS>1</AutoGetDNS>
		<MainDNS/>
		<StandbyDNS/>
		<AutoGetPDP>1</AutoGetPDP>
		<PDPAddress/>
		<PDPType>IP</PDPType>
		<AuthType>PAP</AuthType>
		<AskUserAndPwd>0</AskUserAndPwd>
		<SaveUserAndPwd>0</SaveUserAndPwd>
	</IMSI>
<IMSI CCMNC="43802">
		<ConfigFileName>TM Cell</ConfigFileName>
		<UserName/>
		<Password/>
		<LoginNumber>*99#</LoginNumber>
		<AutoGetAPN>0</AutoGetAPN>
		<APN>gprs.tmcell</APN>
		<AutoGetDNS>1</AutoGetDNS>
		<MainDNS/>
		<StandbyDNS/>
		<AutoGetPDP>1</AutoGetPDP>
		<PDPAddress/>
		<PDPType>IP</PDPType>
		<AuthType>PAP</AuthType>
		<AskUserAndPwd>0</AskUserAndPwd>
		<SaveUserAndPwd>0</SaveUserAndPwd>
	</IMSI>
<IMSI CCMNC="25501">
		<ConfigFileName>Service Mobile GPRS-Internet(MTC)</ConfigFileName>
		<UserName/>
		<Password/>
		<LoginNumber>*99#</LoginNumber>
		<AutoGetAPN>0</AutoGetAPN>
		<APN>www.umc.ua</APN>
		<AutoGetDNS>1</AutoGetDNS>
		<MainDNS/>
		<StandbyDNS/>
		<AutoGetPDP>1</AutoGetPDP>
		<PDPAddress/>
		<PDPType>IP</PDPType>
		<AuthType>PAP</AuthType>
		<AskUserAndPwd>0</AskUserAndPwd>
		<SaveUserAndPwd>0</SaveUserAndPwd>
	</IMSI>
<IMSI CCMNC="25501">
		<ConfigFileName>Service HyperActive</ConfigFileName>
		<UserName/>
		<Password/>
		<LoginNumber>*99#</LoginNumber>
		<AutoGetAPN>0</AutoGetAPN>
		<APN>active</APN>
		<AutoGetDNS>1</AutoGetDNS>
		<MainDNS/>
		<StandbyDNS/>
		<AutoGetPDP>1</AutoGetPDP>
		<PDPAddress/>
		<PDPType>IP</PDPType>
		<AuthType>PAP</AuthType>
		<AskUserAndPwd>0</AskUserAndPwd>
		<SaveUserAndPwd>0</SaveUserAndPwd>
	</IMSI>
<IMSI CCMNC="25501">
		<ConfigFileName>Service Hyper.NET</ConfigFileName>
		<UserName/>
		<Password/>
		<LoginNumber>*99#</LoginNumber>
		<AutoGetAPN>0</AutoGetAPN>
		<APN>hyper.net</APN>
		<AutoGetDNS>1</AutoGetDNS>
		<MainDNS/>
		<StandbyDNS/>
		<AutoGetPDP>1</AutoGetPDP>
		<PDPAddress/>
		<PDPType>IP</PDPType>
		<AuthType>PAP</AuthType>
		<AskUserAndPwd>0</AskUserAndPwd>
		<SaveUserAndPwd>0</SaveUserAndPwd>
	</IMSI>
<IMSI CCMNC="25502">
		<ConfigFileName>Beeline Internet</ConfigFileName>
		<UserName/>
		<Password/>
		<LoginNumber>*99#</LoginNumber>
		<AutoGetAPN>0</AutoGetAPN>
		<APN>internet.beeline.ua</APN>
		<AutoGetDNS>1</AutoGetDNS>
		<MainDNS/>
		<StandbyDNS/>
		<AutoGetPDP>1</AutoGetPDP>
		<PDPAddress/>
		<PDPType>IP</PDPType>
		<AuthType>PAP</AuthType>
		<AskUserAndPwd>0</AskUserAndPwd>
		<SaveUserAndPwd>0</SaveUserAndPwd>
	</IMSI>
<IMSI CCMNC="25502">
		<ConfigFileName>Beeline Internet</ConfigFileName>
		<UserName/>
		<Password/>
		<LoginNumber>*99#</LoginNumber>
		<AutoGetAPN>0</AutoGetAPN>
		<APN>corporate.beeline.ua</APN>
		<AutoGetDNS>1</AutoGetDNS>
		<MainDNS/>
		<StandbyDNS/>
		<AutoGetPDP>1</AutoGetPDP>
		<PDPAddress/>
		<PDPType>IP</PDPType>
		<AuthType>PAP</AuthType>
		<AskUserAndPwd>0</AskUserAndPwd>
		<SaveUserAndPwd>0</SaveUserAndPwd>
	</IMSI>
<IMSI CCMNC="25503">
		<ConfigFileName>Internet Prepaid</ConfigFileName>
		<UserName/>
		<Password/>
		<LoginNumber>*99#</LoginNumber>
		<AutoGetAPN>0</AutoGetAPN>
		<APN>www.ab.kyivstar.net</APN>
		<AutoGetDNS>1</AutoGetDNS>
		<MainDNS/>
		<StandbyDNS/>
		<AutoGetPDP>1</AutoGetPDP>
		<PDPAddress/>
		<PDPType>IP</PDPType>
		<AuthType>PAP</AuthType>
		<AskUserAndPwd>0</AskUserAndPwd>
		<SaveUserAndPwd>0</SaveUserAndPwd>
	</IMSI>
<IMSI CCMNC="25503">
		<ConfigFileName>Internet Contract</ConfigFileName>
		<UserName/>
		<Password/>
		<LoginNumber>*99#</LoginNumber>
		<AutoGetAPN>0</AutoGetAPN>
		<APN>www.kyivstar.net</APN>
		<AutoGetDNS>1</AutoGetDNS>
		<MainDNS/>
		<StandbyDNS/>
		<AutoGetPDP>1</AutoGetPDP>
		<PDPAddress/>
		<PDPType>IP</PDPType>
		<AuthType>PAP</AuthType>
		<AskUserAndPwd>0</AskUserAndPwd>
		<SaveUserAndPwd>0</SaveUserAndPwd>
	</IMSI>
<IMSI CCMNC="25503">
		<ConfigFileName>Internet Djuice</ConfigFileName>
		<UserName/>
		<Password/>
		<LoginNumber>*99#</LoginNumber>
		<AutoGetAPN>0</AutoGetAPN>
		<APN>www.djuice.com.ua</APN>
		<AutoGetDNS>1</AutoGetDNS>
		<MainDNS/>
		<StandbyDNS/>
		<AutoGetPDP>1</AutoGetPDP>
		<PDPAddress/>
		<PDPType>IP</PDPType>
		<AuthType>PAP</AuthType>
		<AskUserAndPwd>0</AskUserAndPwd>
		<SaveUserAndPwd>0</SaveUserAndPwd>
	</IMSI>
<IMSI CCMNC="25503">
		<ConfigFileName>Internet 3G</ConfigFileName>
		<UserName/>
		<Password/>
		<LoginNumber>*99#</LoginNumber>
		<AutoGetAPN>0</AutoGetAPN>
		<APN>3g.kyivstar.net</APN>
		<AutoGetDNS>1</AutoGetDNS>
		<MainDNS/>
		<StandbyDNS/>
		<AutoGetPDP>1</AutoGetPDP>
		<PDPAddress/>
		<PDPType>IP</PDPType>
		<AuthType>PAP</AuthType>
		<AskUserAndPwd>0</AskUserAndPwd>
		<SaveUserAndPwd>0</SaveUserAndPwd>
	</IMSI>
<IMSI CCMNC="25506">
		<ConfigFileName>life</ConfigFileName>
		<UserName/>
		<Password/>
		<LoginNumber>*99#</LoginNumber>
		<AutoGetAPN>0</AutoGetAPN>
		<APN>internet</APN>
		<AutoGetDNS>1</AutoGetDNS>
		<MainDNS/>
		<StandbyDNS/>
		<AutoGetPDP>1</AutoGetPDP>
		<PDPAddress/>
		<PDPType>IP</PDPType>
		<AuthType>PAP</AuthType>
		<AskUserAndPwd>0</AskUserAndPwd>
		<SaveUserAndPwd>0</SaveUserAndPwd>
	</IMSI>
<IMSI CCMNC="25507">
		<ConfigFileName>OGO!Mobile(Utel)</ConfigFileName>
		<UserName/>
		<Password/>
		<LoginNumber>*99#</LoginNumber>
		<AutoGetAPN>0</AutoGetAPN>
		<APN>3g.utel.ua</APN>
		<AutoGetDNS>1</AutoGetDNS>
		<MainDNS/>
		<StandbyDNS/>
		<AutoGetPDP>1</AutoGetPDP>
		<PDPAddress/>
		<PDPType>IP</PDPType>
		<AuthType>PAP</AuthType>
		<AskUserAndPwd>0</AskUserAndPwd>
		<SaveUserAndPwd>0</SaveUserAndPwd>
	</IMSI>

</ApnFiles>

