<?xml version="1.0"?>
<ApnFiles>

<IMSI CCMNC="41902">
		<ConfigFileName>MTC-Vodafone KW</ConfigFileName>
		<UserName/>
		<Password/>
		<LoginNumber>*99#</LoginNumber>
		<AutoGetAPN>0</AutoGetAPN>
		<APN>apn01</APN>
		<AutoGetDNS>1</AutoGetDNS>
		<MainDNS/>
		<StandbyDNS/>
		<AutoGetPDP>1</AutoGetPDP>
		<PDPAddress/>
		<PDPType>IP</PDPType>
		<AuthType>PAP</AuthType>
		<AskUserAndPwd>0</AskUserAndPwd>
		<SaveUserAndPwd>0</SaveUserAndPwd>
	</IMSI>
<IMSI CCMNC="41903">
		<ConfigFileName>Wnet</ConfigFileName>
		<UserName/>
		<Password/>
		<LoginNumber>*99#</LoginNumber>
		<AutoGetAPN>0</AutoGetAPN>
		<APN>action.wataniya.com</APN>
		<AutoGetDNS>1</AutoGetDNS>
		<MainDNS/>
		<StandbyDNS/>
		<AutoGetPDP>1</AutoGetPDP>
		<PDPAddress/>
		<PDPType>IP</PDPType>
		<AuthType>PAP</AuthType>
		<AskUserAndPwd>0</AskUserAndPwd>
		<SaveUserAndPwd>0</SaveUserAndPwd>
	</IMSI>
<IMSI CCMNC="41902">
		<ConfigFileName>Viva Telecom</ConfigFileName>
		<UserName/>
		<Password/>
		<LoginNumber>*99#</LoginNumber>
		<AutoGetAPN>0</AutoGetAPN>
		<APN>VIVA</APN>
		<AutoGetDNS>1</AutoGetDNS>
		<MainDNS/>
		<StandbyDNS/>
		<AutoGetPDP>1</AutoGetPDP>
		<PDPAddress/>
		<PDPType>IP</PDPType>
		<AuthType>PAP</AuthType>
		<AskUserAndPwd>0</AskUserAndPwd>
		<SaveUserAndPwd>0</SaveUserAndPwd>
	</IMSI>
<IMSI CCMNC="41902">
		<ConfigFileName>ZAIN 3.5G</ConfigFileName>
		<UserName>hspps</UserName>
		<Password>hspps</Password>
		<LoginNumber>*99#</LoginNumber>
		<AutoGetAPN>0</AutoGetAPN>
		<APN>hspps</APN>
		<AutoGetDNS>1</AutoGetDNS>
		<MainDNS/>
		<StandbyDNS/>
		<AutoGetPDP>1</AutoGetPDP>
		<PDPAddress/>
		<PDPType>IP</PDPType>
		<AuthType>PAP</AuthType>
		<AskUserAndPwd>0</AskUserAndPwd>
		<SaveUserAndPwd>0</SaveUserAndPwd>
	</IMSI>
<IMSI CCMNC="41904">
		<ConfigFileName>VIVA Internet KW</ConfigFileName>
		<UserName/>
		<Password/>
		<LoginNumber>*99#</LoginNumber>
		<AutoGetAPN>0</AutoGetAPN>
		<APN>VIVA</APN>
		<AutoGetDNS>1</AutoGetDNS>
		<MainDNS/>
		<StandbyDNS/>
		<AutoGetPDP>1</AutoGetPDP>
		<PDPAddress/>
		<PDPType>IP</PDPType>
		<AuthType>PAP</AuthType>
		<AskUserAndPwd>0</AskUserAndPwd>
		<SaveUserAndPwd>0</SaveUserAndPwd>
	</IMSI>
<IMSI CCMNC="42001">
		<ConfigFileName>STC</ConfigFileName>
		<UserName/>
		<Password/>
		<LoginNumber>*99#</LoginNumber>
		<AutoGetAPN>0</AutoGetAPN>
		<APN>jawalnet.com.sa</APN>
		<AutoGetDNS>1</AutoGetDNS>
		<MainDNS/>
		<StandbyDNS/>
		<AutoGetPDP>1</AutoGetPDP>
		<PDPAddress/>
		<PDPType>IP</PDPType>
		<AuthType>PAP</AuthType>
		<AskUserAndPwd>0</AskUserAndPwd>
		<SaveUserAndPwd>0</SaveUserAndPwd>
	</IMSI>
<IMSI CCMNC="42007">
		<ConfigFileName>STC</ConfigFileName>
		<UserName>stc</UserName>
		<Password>stc</Password>
		<LoginNumber>*99#</LoginNumber>
		<AutoGetAPN>0</AutoGetAPN>
		<APN>wogstc.com</APN>
		<AutoGetDNS>1</AutoGetDNS>
		<MainDNS/>
		<StandbyDNS/>
		<AutoGetPDP>1</AutoGetPDP>
		<PDPAddress/>
		<PDPType>IP</PDPType>
		<AuthType>PAP</AuthType>
		<AskUserAndPwd>0</AskUserAndPwd>
		<SaveUserAndPwd>0</SaveUserAndPwd>
	</IMSI>
<IMSI CCMNC="42003">
		<ConfigFileName>mobily postpaid</ConfigFileName>
		<UserName/>
		<Password/>
		<LoginNumber>*99#</LoginNumber>
		<AutoGetAPN>0</AutoGetAPN>
		<APN>Web1</APN>
		<AutoGetDNS>1</AutoGetDNS>
		<MainDNS/>
		<StandbyDNS/>
		<AutoGetPDP>1</AutoGetPDP>
		<PDPAddress/>
		<PDPType>IP</PDPType>
		<AuthType>PAP</AuthType>
		<AskUserAndPwd>0</AskUserAndPwd>
		<SaveUserAndPwd>0</SaveUserAndPwd>
	</IMSI>
<IMSI CCMNC="42003">
		<ConfigFileName>mobily prepaid</ConfigFileName>
		<UserName/>
		<Password/>
		<LoginNumber>*99#</LoginNumber>
		<AutoGetAPN>0</AutoGetAPN>
		<APN>web2</APN>
		<AutoGetDNS>1</AutoGetDNS>
		<MainDNS/>
		<StandbyDNS/>
		<AutoGetPDP>1</AutoGetPDP>
		<PDPAddress/>
		<PDPType>IP</PDPType>
		<AuthType>PAP</AuthType>
		<AskUserAndPwd>0</AskUserAndPwd>
		<SaveUserAndPwd>0</SaveUserAndPwd>
	</IMSI>
<IMSI CCMNC="42004">
		<ConfigFileName>ZainSA</ConfigFileName>
		<UserName>n/a</UserName>
		<Password>n/a</Password>
		<LoginNumber>*99#</LoginNumber>
		<AutoGetAPN>0</AutoGetAPN>
		<APN>zain</APN>
		<AutoGetDNS>1</AutoGetDNS>
		<MainDNS/>
		<StandbyDNS/>
		<AutoGetPDP>1</AutoGetPDP>
		<PDPAddress/>
		<PDPType>IP</PDPType>
		<AuthType>PAP</AuthType>
		<AskUserAndPwd>0</AskUserAndPwd>
		<SaveUserAndPwd>0</SaveUserAndPwd>
	</IMSI>
<IMSI CCMNC="42202">
		<ConfigFileName>Oman Mobile</ConfigFileName>
		<UserName>taif</UserName>
		<Password>taif</Password>
		<LoginNumber>*99#</LoginNumber>
		<AutoGetAPN>0</AutoGetAPN>
		<APN>taif</APN>
		<AutoGetDNS>1</AutoGetDNS>
		<MainDNS/>
		<StandbyDNS/>
		<AutoGetPDP>1</AutoGetPDP>
		<PDPAddress/>
		<PDPType>IP</PDPType>
		<AuthType>PAP</AuthType>
		<AskUserAndPwd>0</AskUserAndPwd>
		<SaveUserAndPwd>0</SaveUserAndPwd>
	</IMSI>
<IMSI CCMNC="42203">
		<ConfigFileName>Nawras(OQTC)</ConfigFileName>
		<UserName/>
		<Password/>
		<LoginNumber>*99#</LoginNumber>
		<AutoGetAPN>0</AutoGetAPN>
		<APN>isp.nawras.com.om</APN>
		<AutoGetDNS>1</AutoGetDNS>
		<MainDNS/>
		<StandbyDNS/>
		<AutoGetPDP>1</AutoGetPDP>
		<PDPAddress/>
		<PDPType>IP</PDPType>
		<AuthType>PAP</AuthType>
		<AskUserAndPwd>0</AskUserAndPwd>
		<SaveUserAndPwd>0</SaveUserAndPwd>
	</IMSI>
<IMSI CCMNC="42401">
		<ConfigFileName>Etisalat UAE 01</ConfigFileName>
		<UserName>Mnet</UserName>
		<Password>Mnet</Password>
		<LoginNumber>*99#</LoginNumber>
		<AutoGetAPN>0</AutoGetAPN>
		<APN>etisalat.ae</APN>
		<AutoGetDNS>1</AutoGetDNS>
		<MainDNS/>
		<StandbyDNS/>
		<AutoGetPDP>1</AutoGetPDP>
		<PDPAddress/>
		<PDPType>IP</PDPType>
		<AuthType>PAP</AuthType>
		<AskUserAndPwd>0</AskUserAndPwd>
		<SaveUserAndPwd>0</SaveUserAndPwd>
	</IMSI>
<IMSI CCMNC="42402">
		<ConfigFileName>Etisalat</ConfigFileName>
		<UserName>Mnet</UserName>
		<Password>Mnet</Password>
		<LoginNumber>*99#</LoginNumber>
		<AutoGetAPN>0</AutoGetAPN>
		<APN>etisalat.ae</APN>
		<AutoGetDNS>1</AutoGetDNS>
		<MainDNS/>
		<StandbyDNS/>
		<AutoGetPDP>1</AutoGetPDP>
		<PDPAddress/>
		<PDPType>IP</PDPType>
		<AuthType>PAP</AuthType>
		<AskUserAndPwd>0</AskUserAndPwd>
		<SaveUserAndPwd>0</SaveUserAndPwd>
	</IMSI>
<IMSI CCMNC="42403">
		<ConfigFileName>du</ConfigFileName>
		<UserName/>
		<Password/>
		<LoginNumber>*99#</LoginNumber>
		<AutoGetAPN>0</AutoGetAPN>
		<APN>du</APN>
		<AutoGetDNS>1</AutoGetDNS>
		<MainDNS/>
		<StandbyDNS/>
		<AutoGetPDP>1</AutoGetPDP>
		<PDPAddress/>
		<PDPType>IP</PDPType>
		<AuthType>CHAP</AuthType>
		<AskUserAndPwd>0</AskUserAndPwd>
		<SaveUserAndPwd>0</SaveUserAndPwd>
	</IMSI>
<IMSI CCMNC="42502">
		<ConfigFileName>Cellcom</ConfigFileName>
		<UserName/>
		<Password/>
		<LoginNumber>*99#</LoginNumber>
		<AutoGetAPN>0</AutoGetAPN>
		<APN>internetg</APN>
		<AutoGetDNS>1</AutoGetDNS>
		<MainDNS/>
		<StandbyDNS/>
		<AutoGetPDP>1</AutoGetPDP>
		<PDPAddress/>
		<PDPType>IP</PDPType>
		<AuthType>PAP</AuthType>
		<AskUserAndPwd>0</AskUserAndPwd>
		<SaveUserAndPwd>0</SaveUserAndPwd>
	</IMSI>
<IMSI CCMNC="42501">
		<ConfigFileName>Orange</ConfigFileName>
		<UserName/>
		<Password/>
		<LoginNumber>*99#</LoginNumber>
		<AutoGetAPN>0</AutoGetAPN>
		<APN>uwap.orange.co.il</APN>
		<AutoGetDNS>1</AutoGetDNS>
		<MainDNS/>
		<StandbyDNS/>
		<AutoGetPDP>1</AutoGetPDP>
		<PDPAddress/>
		<PDPType>IP</PDPType>
		<AuthType>PAP</AuthType>
		<AskUserAndPwd>0</AskUserAndPwd>
		<SaveUserAndPwd>0</SaveUserAndPwd>
	</IMSI>
<IMSI CCMNC="42503">
		<ConfigFileName>Pelephone</ConfigFileName>
		<UserName>pcl@3g</UserName>
		<Password>pcl</Password>
		<LoginNumber>*99#</LoginNumber>
		<AutoGetAPN>0</AutoGetAPN>
		<APN>internet.pelephone.net.il</APN>
		<AutoGetDNS>1</AutoGetDNS>
		<MainDNS/>
		<StandbyDNS/>
		<AutoGetPDP>1</AutoGetPDP>
		<PDPAddress/>
		<PDPType>IP</PDPType>
		<AuthType>PAP</AuthType>
		<AskUserAndPwd>0</AskUserAndPwd>
		<SaveUserAndPwd>0</SaveUserAndPwd>
	</IMSI>
<IMSI CCMNC="42507">
		<ConfigFileName>HOT mobile</ConfigFileName>
		<UserName/>
		<Password/>
		<LoginNumber>*99#</LoginNumber>
		<AutoGetAPN>0</AutoGetAPN>
		<APN>dun.hotm</APN>
		<AutoGetDNS>1</AutoGetDNS>
		<MainDNS/>
		<StandbyDNS/>
		<AutoGetPDP>1</AutoGetPDP>
		<PDPAddress/>
		<PDPType>IP</PDPType>
		<AuthType>PAP</AuthType>
		<AskUserAndPwd>0</AskUserAndPwd>
		<SaveUserAndPwd>0</SaveUserAndPwd>
	</IMSI>
<IMSI CCMNC="42508">
		<ConfigFileName>Golan Telecom</ConfigFileName>
		<UserName/>
		<Password/>
		<LoginNumber>*99#</LoginNumber>
		<AutoGetAPN>0</AutoGetAPN>
		<APN>internet.golantelecom.net.il</APN>
		<AutoGetDNS>1</AutoGetDNS>
		<MainDNS/>
		<StandbyDNS/>
		<AutoGetPDP>1</AutoGetPDP>
		<PDPAddress/>
		<PDPType>IP</PDPType>
		<AuthType>PAP</AuthType>
		<AskUserAndPwd>0</AskUserAndPwd>
		<SaveUserAndPwd>0</SaveUserAndPwd>
	</IMSI>
<IMSI CCMNC="20404">
		<ConfigFileName>Pelephone</ConfigFileName>
		<UserName>pcl@3g</UserName>
		<Password>pcl</Password>
		<LoginNumber>*99#</LoginNumber>
		<AutoGetAPN>0</AutoGetAPN>
		<APN>internet.pelephone.net.il</APN>
		<AutoGetDNS>1</AutoGetDNS>
		<MainDNS/>
		<StandbyDNS/>
		<AutoGetPDP>1</AutoGetPDP>
		<PDPAddress/>
		<PDPType>IP</PDPType>
		<AuthType>PAP</AuthType>
		<AskUserAndPwd>0</AskUserAndPwd>
		<SaveUserAndPwd>0</SaveUserAndPwd>
	</IMSI>
<IMSI CCMNC="42503">
		<ConfigFileName>Rami Levi</ConfigFileName>
		<UserName>rl@3g</UserName>
		<Password>rl</Password>
		<LoginNumber>*99#</LoginNumber>
		<AutoGetAPN>0</AutoGetAPN>
		<APN>internet.rl</APN>
		<AutoGetDNS>1</AutoGetDNS>
		<MainDNS/>
		<StandbyDNS/>
		<AutoGetPDP>1</AutoGetPDP>
		<PDPAddress/>
		<PDPType>IP</PDPType>
		<AuthType>PAP</AuthType>
		<AskUserAndPwd>0</AskUserAndPwd>
		<SaveUserAndPwd>0</SaveUserAndPwd>
	</IMSI>
<IMSI CCMNC="42514">
		<ConfigFileName>YouPhone</ConfigFileName>
		<UserName/>
		<Password/>
		<LoginNumber>*99#</LoginNumber>
		<AutoGetAPN>0</AutoGetAPN>
		<APN>data.youphone.co.il</APN>
		<AutoGetDNS>1</AutoGetDNS>
		<MainDNS/>
		<StandbyDNS/>
		<AutoGetPDP>1</AutoGetPDP>
		<PDPAddress/>
		<PDPType>IP</PDPType>
		<AuthType>PAP</AuthType>
		<AskUserAndPwd>0</AskUserAndPwd>
		<SaveUserAndPwd>0</SaveUserAndPwd>
	</IMSI>
<IMSI CCMNC="42515">
		<ConfigFileName>Home Cellular</ConfigFileName>
		<UserName/>
		<Password/>
		<LoginNumber>*99#</LoginNumber>
		<AutoGetAPN>0</AutoGetAPN>
		<APN>hcminternet</APN>
		<AutoGetDNS>1</AutoGetDNS>
		<MainDNS/>
		<StandbyDNS/>
		<AutoGetPDP>1</AutoGetPDP>
		<PDPAddress/>
		<PDPType>IP</PDPType>
		<AuthType>PAP</AuthType>
		<AskUserAndPwd>0</AskUserAndPwd>
		<SaveUserAndPwd>0</SaveUserAndPwd>
	</IMSI>
<IMSI CCMNC="42601">
		<ConfigFileName>Batelco</ConfigFileName>
		<UserName>wap</UserName>
		<Password>wap</Password>
		<LoginNumber>*99#</LoginNumber>
		<AutoGetAPN>0</AutoGetAPN>
		<APN>internet.batelco.com</APN>
		<AutoGetDNS>1</AutoGetDNS>
		<MainDNS/>
		<StandbyDNS/>
		<AutoGetPDP>1</AutoGetPDP>
		<PDPAddress/>
		<PDPType>IP</PDPType>
		<AuthType>PAP</AuthType>
		<AskUserAndPwd>0</AskUserAndPwd>
		<SaveUserAndPwd>0</SaveUserAndPwd>
	</IMSI>
<IMSI CCMNC="42602">
		<ConfigFileName>Zain Bahrain</ConfigFileName>
		<UserName>hsdpa</UserName>
		<Password>hsdpa</Password>
		<LoginNumber>*99#</LoginNumber>
		<AutoGetAPN>0</AutoGetAPN>
		<APN>hsdpa</APN>
		<AutoGetDNS>1</AutoGetDNS>
		<MainDNS/>
		<StandbyDNS/>
		<AutoGetPDP>1</AutoGetPDP>
		<PDPAddress/>
		<PDPType>IP</PDPType>
		<AuthType>PAP</AuthType>
		<AskUserAndPwd>0</AskUserAndPwd>
		<SaveUserAndPwd>0</SaveUserAndPwd>
	</IMSI>
<IMSI CCMNC="42701">
		<ConfigFileName>Qtel Mobile Broadband</ConfigFileName>
		<UserName/>
		<Password/>
		<LoginNumber>*99#</LoginNumber>
		<AutoGetAPN>0</AutoGetAPN>
		<APN>web.qtel</APN>
		<AutoGetDNS>1</AutoGetDNS>
		<MainDNS/>
		<StandbyDNS/>
		<AutoGetPDP>1</AutoGetPDP>
		<PDPAddress/>
		<PDPType>IP</PDPType>
		<AuthType>PAP</AuthType>
		<AskUserAndPwd>0</AskUserAndPwd>
		<SaveUserAndPwd>0</SaveUserAndPwd>
	</IMSI>
<IMSI CCMNC="42701">
		<ConfigFileName>Qtel Pre-Paid Mobile Broadband</ConfigFileName>
		<UserName/>
		<Password/>
		<LoginNumber>*99#</LoginNumber>
		<AutoGetAPN>0</AutoGetAPN>
		<APN>gprs.qtel</APN>
		<AutoGetDNS>1</AutoGetDNS>
		<MainDNS/>
		<StandbyDNS/>
		<AutoGetPDP>1</AutoGetPDP>
		<PDPAddress/>
		<PDPType>IP</PDPType>
		<AuthType>PAP</AuthType>
		<AskUserAndPwd>0</AskUserAndPwd>
		<SaveUserAndPwd>0</SaveUserAndPwd>
	</IMSI>
<IMSI CCMNC="42701">
		<ConfigFileName>Our default</ConfigFileName>
		<UserName/>
		<Password/>
		<LoginNumber>*99#</LoginNumber>
		<AutoGetAPN>0</AutoGetAPN>
		<APN>data</APN>
		<AutoGetDNS>1</AutoGetDNS>
		<MainDNS/>
		<StandbyDNS/>
		<AutoGetPDP>1</AutoGetPDP>
		<PDPAddress/>
		<PDPType>IP</PDPType>
		<AuthType>PAP</AuthType>
		<AskUserAndPwd>0</AskUserAndPwd>
		<SaveUserAndPwd>0</SaveUserAndPwd>
	</IMSI>
<IMSI CCMNC="43211">
		<ConfigFileName>MCI-GPRS</ConfigFileName>
		<UserName/>
		<Password/>
		<LoginNumber>*99#</LoginNumber>
		<AutoGetAPN>0</AutoGetAPN>
		<APN>mcinet</APN>
		<AutoGetDNS>1</AutoGetDNS>
		<MainDNS/>
		<StandbyDNS/>
		<AutoGetPDP>1</AutoGetPDP>
		<PDPAddress/>
		<PDPType>IP</PDPType>
		<AuthType>PAP</AuthType>
		<AskUserAndPwd>0</AskUserAndPwd>
		<SaveUserAndPwd>0</SaveUserAndPwd>
	</IMSI>
<IMSI CCMNC="44000">
		<ConfigFileName>EMobile</ConfigFileName>
		<UserName>em</UserName>
		<Password>em</Password>
		<LoginNumber>*99#</LoginNumber>
		<AutoGetAPN>0</AutoGetAPN>
		<APN>emb.ne.jp</APN>
		<AutoGetDNS>1</AutoGetDNS>
		<MainDNS/>
		<StandbyDNS/>
		<AutoGetPDP>1</AutoGetPDP>
		<PDPAddress/>
		<PDPType>IP</PDPType>
		<AuthType>PAP</AuthType>
		<AskUserAndPwd>0</AskUserAndPwd>
		<SaveUserAndPwd>0</SaveUserAndPwd>
	</IMSI>
<IMSI CCMNC="44000">
		<ConfigFileName>EMOBILE Limited</ConfigFileName>
		<UserName/>
		<Password/>
		<LoginNumber/>
		<AutoGetAPN>0</AutoGetAPN>
		<APN/>
		<AutoGetDNS>1</AutoGetDNS>
		<MainDNS/>
		<StandbyDNS/>
		<AutoGetPDP>1</AutoGetPDP>
		<PDPAddress/>
		<PDPType>IP</PDPType>
		<AuthType>PAP</AuthType>
		<AskUserAndPwd>0</AskUserAndPwd>
		<SaveUserAndPwd>0</SaveUserAndPwd>
	</IMSI>
<IMSI CCMNC="44001">
		<ConfigFileName>NTT docomo</ConfigFileName>
		<UserName/>
		<Password/>
		<LoginNumber>*99***1</LoginNumber>
		<AutoGetAPN>0</AutoGetAPN>
		<APN/>
		<AutoGetDNS>1</AutoGetDNS>
		<MainDNS/>
		<StandbyDNS/>
		<AutoGetPDP>1</AutoGetPDP>
		<PDPAddress/>
		<PDPType>IP</PDPType>
		<AuthType>PAP</AuthType>
		<AskUserAndPwd>0</AskUserAndPwd>
		<SaveUserAndPwd>0</SaveUserAndPwd>
	</IMSI>
<IMSI CCMNC="44002">
		<ConfigFileName>NTT DoCoMo Kansai</ConfigFileName>
		<UserName/>
		<Password/>
		<LoginNumber>*99***1</LoginNumber>
		<AutoGetAPN>0</AutoGetAPN>
		<APN/>
		<AutoGetDNS>1</AutoGetDNS>
		<MainDNS/>
		<StandbyDNS/>
		<AutoGetPDP>1</AutoGetPDP>
		<PDPAddress/>
		<PDPType>IP</PDPType>
		<AuthType>PAP</AuthType>
		<AskUserAndPwd>0</AskUserAndPwd>
		<SaveUserAndPwd>0</SaveUserAndPwd>
	</IMSI>
<IMSI CCMNC="44003">
		<ConfigFileName>NTT DoCoMo Hokuriku</ConfigFileName>
		<UserName/>
		<Password/>
		<LoginNumber>*99***1</LoginNumber>
		<AutoGetAPN>0</AutoGetAPN>
		<APN/>
		<AutoGetDNS>1</AutoGetDNS>
		<MainDNS/>
		<StandbyDNS/>
		<AutoGetPDP>1</AutoGetPDP>
		<PDPAddress/>
		<PDPType>IP</PDPType>
		<AuthType>PAP</AuthType>
		<AskUserAndPwd>0</AskUserAndPwd>
		<SaveUserAndPwd>0</SaveUserAndPwd>
	</IMSI>
<IMSI CCMNC="44008">
		<ConfigFileName>KDDI Corporation</ConfigFileName>
		<UserName/>
		<Password/>
		<LoginNumber/>
		<AutoGetAPN>0</AutoGetAPN>
		<APN/>
		<AutoGetDNS>1</AutoGetDNS>
		<MainDNS/>
		<StandbyDNS/>
		<AutoGetPDP>1</AutoGetPDP>
		<PDPAddress/>
		<PDPType>IP</PDPType>
		<AuthType>PAP</AuthType>
		<AskUserAndPwd>0</AskUserAndPwd>
		<SaveUserAndPwd>0</SaveUserAndPwd>
	</IMSI>
<IMSI CCMNC="44009">
		<ConfigFileName>NTT DoCoMo Kansai</ConfigFileName>
		<UserName/>
		<Password/>
		<LoginNumber>*99***1</LoginNumber>
		<AutoGetAPN>0</AutoGetAPN>
		<APN/>
		<AutoGetDNS>1</AutoGetDNS>
		<MainDNS/>
		<StandbyDNS/>
		<AutoGetPDP>1</AutoGetPDP>
		<PDPAddress/>
		<PDPType>IP</PDPType>
		<AuthType>PAP</AuthType>
		<AskUserAndPwd>0</AskUserAndPwd>
		<SaveUserAndPwd>0</SaveUserAndPwd>
	</IMSI>
<IMSI CCMNC="44010">
		<ConfigFileName>NTT DoCoMo Kansai</ConfigFileName>
		<UserName/>
		<Password/>
		<LoginNumber>*99***1</LoginNumber>
		<AutoGetAPN>0</AutoGetAPN>
		<APN/>
		<AutoGetDNS>1</AutoGetDNS>
		<MainDNS/>
		<StandbyDNS/>
		<AutoGetPDP>1</AutoGetPDP>
		<PDPAddress/>
		<PDPType>IP</PDPType>
		<AuthType>PAP</AuthType>
		<AskUserAndPwd>0</AskUserAndPwd>
		<SaveUserAndPwd>0</SaveUserAndPwd>
	</IMSI>
<IMSI CCMNC="44011">
		<ConfigFileName>NTT DoCoMo Tokai</ConfigFileName>
		<UserName/>
		<Password/>
		<LoginNumber>*99***1</LoginNumber>
		<AutoGetAPN>0</AutoGetAPN>
		<APN/>
		<AutoGetDNS>1</AutoGetDNS>
		<MainDNS/>
		<StandbyDNS/>
		<AutoGetPDP>1</AutoGetPDP>
		<PDPAddress/>
		<PDPType>IP</PDPType>
		<AuthType>PAP</AuthType>
		<AskUserAndPwd>0</AskUserAndPwd>
		<SaveUserAndPwd>0</SaveUserAndPwd>
	</IMSI>
<IMSI CCMNC="44012">
		<ConfigFileName>NTT DoCoMo</ConfigFileName>
		<UserName/>
		<Password/>
		<LoginNumber>*99***1</LoginNumber>
		<AutoGetAPN>0</AutoGetAPN>
		<APN/>
		<AutoGetDNS>1</AutoGetDNS>
		<MainDNS/>
		<StandbyDNS/>
		<AutoGetPDP>1</AutoGetPDP>
		<PDPAddress/>
		<PDPType>IP</PDPType>
		<AuthType>PAP</AuthType>
		<AskUserAndPwd>0</AskUserAndPwd>
		<SaveUserAndPwd>0</SaveUserAndPwd>
	</IMSI>
<IMSI CCMNC="44013">
		<ConfigFileName>NTT DoCoMo</ConfigFileName>
		<UserName/>
		<Password/>
		<LoginNumber>*99***1</LoginNumber>
		<AutoGetAPN>0</AutoGetAPN>
		<APN/>
		<AutoGetDNS>1</AutoGetDNS>
		<MainDNS/>
		<StandbyDNS/>
		<AutoGetPDP>1</AutoGetPDP>
		<PDPAddress/>
		<PDPType>IP</PDPType>
		<AuthType>PAP</AuthType>
		<AskUserAndPwd>0</AskUserAndPwd>
		<SaveUserAndPwd>0</SaveUserAndPwd>
	</IMSI>
<IMSI CCMNC="44014">
		<ConfigFileName>NTT DoCoMo Tohoku</ConfigFileName>
		<UserName/>
		<Password/>
		<LoginNumber>*99***1</LoginNumber>
		<AutoGetAPN>0</AutoGetAPN>
		<APN/>
		<AutoGetDNS>1</AutoGetDNS>
		<MainDNS/>
		<StandbyDNS/>
		<AutoGetPDP>1</AutoGetPDP>
		<PDPAddress/>
		<PDPType>IP</PDPType>
		<AuthType>PAP</AuthType>
		<AskUserAndPwd>0</AskUserAndPwd>
		<SaveUserAndPwd>0</SaveUserAndPwd>
	</IMSI>
<IMSI CCMNC="44015">
		<ConfigFileName>NTT DoCoMo</ConfigFileName>
		<UserName/>
		<Password/>
		<LoginNumber>*99***1</LoginNumber>
		<AutoGetAPN>0</AutoGetAPN>
		<APN/>
		<AutoGetDNS>1</AutoGetDNS>
		<MainDNS/>
		<StandbyDNS/>
		<AutoGetPDP>1</AutoGetPDP>
		<PDPAddress/>
		<PDPType>IP</PDPType>
		<AuthType>PAP</AuthType>
		<AskUserAndPwd>0</AskUserAndPwd>
		<SaveUserAndPwd>0</SaveUserAndPwd>
	</IMSI>
<IMSI CCMNC="44016">
		<ConfigFileName>NTT DoCoMo</ConfigFileName>
		<UserName/>
		<Password/>
		<LoginNumber>*99***1</LoginNumber>
		<AutoGetAPN>0</AutoGetAPN>
		<APN/>
		<AutoGetDNS>1</AutoGetDNS>
		<MainDNS/>
		<StandbyDNS/>
		<AutoGetPDP>1</AutoGetPDP>
		<PDPAddress/>
		<PDPType>IP</PDPType>
		<AuthType>PAP</AuthType>
		<AskUserAndPwd>0</AskUserAndPwd>
		<SaveUserAndPwd>0</SaveUserAndPwd>
	</IMSI>
<IMSI CCMNC="44017">
		<ConfigFileName>NTT DoCoMo</ConfigFileName>
		<UserName/>
		<Password/>
		<LoginNumber>*99***1</LoginNumber>
		<AutoGetAPN>0</AutoGetAPN>
		<APN/>
		<AutoGetDNS>1</AutoGetDNS>
		<MainDNS/>
		<StandbyDNS/>
		<AutoGetPDP>1</AutoGetPDP>
		<PDPAddress/>
		<PDPType>IP</PDPType>
		<AuthType>PAP</AuthType>
		<AskUserAndPwd>0</AskUserAndPwd>
		<SaveUserAndPwd>0</SaveUserAndPwd>
	</IMSI>
<IMSI CCMNC="44018">
		<ConfigFileName>NTT DoCoMo Tokai</ConfigFileName>
		<UserName/>
		<Password/>
		<LoginNumber>*99***1</LoginNumber>
		<AutoGetAPN>0</AutoGetAPN>
		<APN/>
		<AutoGetDNS>1</AutoGetDNS>
		<MainDNS/>
		<StandbyDNS/>
		<AutoGetPDP>1</AutoGetPDP>
		<PDPAddress/>
		<PDPType>IP</PDPType>
		<AuthType>PAP</AuthType>
		<AskUserAndPwd>0</AskUserAndPwd>
		<SaveUserAndPwd>0</SaveUserAndPwd>
	</IMSI>
<IMSI CCMNC="44019">
		<ConfigFileName>NTT DoCoMo Hokkaido</ConfigFileName>
		<UserName/>
		<Password/>
		<LoginNumber>*99***1</LoginNumber>
		<AutoGetAPN>0</AutoGetAPN>
		<APN/>
		<AutoGetDNS>1</AutoGetDNS>
		<MainDNS/>
		<StandbyDNS/>
		<AutoGetPDP>1</AutoGetPDP>
		<PDPAddress/>
		<PDPType>IP</PDPType>
		<AuthType>PAP</AuthType>
		<AskUserAndPwd>0</AskUserAndPwd>
		<SaveUserAndPwd>0</SaveUserAndPwd>
	</IMSI>
<IMSI CCMNC="44020">
		<ConfigFileName>Commercial</ConfigFileName>
		<UserName>axgp003softbank</UserName>
		<Password>t4k6pvka3waeqd4w</Password>
		<LoginNumber>*99#</LoginNumber>
		<AutoGetAPN>0</AutoGetAPN>
		<APN>axgpdata.softbank.ne.jp</APN>
		<AutoGetDNS>1</AutoGetDNS>
		<MainDNS/>
		<StandbyDNS/>
		<AutoGetPDP>1</AutoGetPDP>
		<PDPAddress/>
		<PDPType>IP</PDPType>
		<AuthType>CHAP</AuthType>
		<AskUserAndPwd>0</AskUserAndPwd>
		<SaveUserAndPwd>0</SaveUserAndPwd>
	</IMSI>
<IMSI CCMNC="44021">
		<ConfigFileName>NTT DoCoMo</ConfigFileName>
		<UserName/>
		<Password/>
		<LoginNumber>*99#</LoginNumber>
		<AutoGetAPN>0</AutoGetAPN>
		<APN/>
		<AutoGetDNS>1</AutoGetDNS>
		<MainDNS/>
		<StandbyDNS/>
		<AutoGetPDP>1</AutoGetPDP>
		<PDPAddress/>
		<PDPType>IP</PDPType>
		<AuthType>PAP</AuthType>
		<AskUserAndPwd>0</AskUserAndPwd>
		<SaveUserAndPwd>0</SaveUserAndPwd>
	</IMSI>
<IMSI CCMNC="44022">
		<ConfigFileName>NTT DoCoMo Kansai</ConfigFileName>
		<UserName/>
		<Password/>
		<LoginNumber>*99***1</LoginNumber>
		<AutoGetAPN>0</AutoGetAPN>
		<APN/>
		<AutoGetDNS>1</AutoGetDNS>
		<MainDNS/>
		<StandbyDNS/>
		<AutoGetPDP>1</AutoGetPDP>
		<PDPAddress/>
		<PDPType>IP</PDPType>
		<AuthType>PAP</AuthType>
		<AskUserAndPwd>0</AskUserAndPwd>
		<SaveUserAndPwd>0</SaveUserAndPwd>
	</IMSI>
<IMSI CCMNC="44023">
		<ConfigFileName>NTT DoCoMo Tokai</ConfigFileName>
		<UserName/>
		<Password/>
		<LoginNumber>*99***1</LoginNumber>
		<AutoGetAPN>0</AutoGetAPN>
		<APN/>
		<AutoGetDNS>1</AutoGetDNS>
		<MainDNS/>
		<StandbyDNS/>
		<AutoGetPDP>1</AutoGetPDP>
		<PDPAddress/>
		<PDPType>IP</PDPType>
		<AuthType>PAP</AuthType>
		<AskUserAndPwd>0</AskUserAndPwd>
		<SaveUserAndPwd>0</SaveUserAndPwd>
	</IMSI>
<IMSI CCMNC="44024">
		<ConfigFileName>NTT DoCoMo Chugoku</ConfigFileName>
		<UserName/>
		<Password/>
		<LoginNumber>*99***1</LoginNumber>
		<AutoGetAPN>0</AutoGetAPN>
		<APN/>
		<AutoGetDNS>1</AutoGetDNS>
		<MainDNS/>
		<StandbyDNS/>
		<AutoGetPDP>1</AutoGetPDP>
		<PDPAddress/>
		<PDPType>IP</PDPType>
		<AuthType>PAP</AuthType>
		<AskUserAndPwd>0</AskUserAndPwd>
		<SaveUserAndPwd>0</SaveUserAndPwd>
	</IMSI>
<IMSI CCMNC="44025">
		<ConfigFileName>NTT DoCoMo Hokkaido</ConfigFileName>
		<UserName/>
		<Password/>
		<LoginNumber>*99***1</LoginNumber>
		<AutoGetAPN>0</AutoGetAPN>
		<APN/>
		<AutoGetDNS>1</AutoGetDNS>
		<MainDNS/>
		<StandbyDNS/>
		<AutoGetPDP>1</AutoGetPDP>
		<PDPAddress/>
		<PDPType>IP</PDPType>
		<AuthType>PAP</AuthType>
		<AskUserAndPwd>0</AskUserAndPwd>
		<SaveUserAndPwd>0</SaveUserAndPwd>
	</IMSI>
<IMSI CCMNC="44026">
		<ConfigFileName>NTT DoCoMo Kyushu</ConfigFileName>
		<UserName/>
		<Password/>
		<LoginNumber>*99***1</LoginNumber>
		<AutoGetAPN>0</AutoGetAPN>
		<APN/>
		<AutoGetDNS>1</AutoGetDNS>
		<MainDNS/>
		<StandbyDNS/>
		<AutoGetPDP>1</AutoGetPDP>
		<PDPAddress/>
		<PDPType>IP</PDPType>
		<AuthType>PAP</AuthType>
		<AskUserAndPwd>0</AskUserAndPwd>
		<SaveUserAndPwd>0</SaveUserAndPwd>
	</IMSI>
<IMSI CCMNC="44027">
		<ConfigFileName>NTT DoCoMoTohoku</ConfigFileName>
		<UserName/>
		<Password/>
		<LoginNumber>*99***1</LoginNumber>
		<AutoGetAPN>0</AutoGetAPN>
		<APN/>
		<AutoGetDNS>1</AutoGetDNS>
		<MainDNS/>
		<StandbyDNS/>
		<AutoGetPDP>1</AutoGetPDP>
		<PDPAddress/>
		<PDPType>IP</PDPType>
		<AuthType>PAP</AuthType>
		<AskUserAndPwd>0</AskUserAndPwd>
		<SaveUserAndPwd>0</SaveUserAndPwd>
	</IMSI>
<IMSI CCMNC="44028">
		<ConfigFileName>NTT DoCoMo Shikoku</ConfigFileName>
		<UserName/>
		<Password/>
		<LoginNumber>*99***1</LoginNumber>
		<AutoGetAPN>0</AutoGetAPN>
		<APN/>
		<AutoGetDNS>1</AutoGetDNS>
		<MainDNS/>
		<StandbyDNS/>
		<AutoGetPDP>1</AutoGetPDP>
		<PDPAddress/>
		<PDPType>IP</PDPType>
		<AuthType>PAP</AuthType>
		<AskUserAndPwd>0</AskUserAndPwd>
		<SaveUserAndPwd>0</SaveUserAndPwd>
	</IMSI>
<IMSI CCMNC="44029">
		<ConfigFileName>NTT DoCoMo</ConfigFileName>
		<UserName/>
		<Password/>
		<LoginNumber>*99***1</LoginNumber>
		<AutoGetAPN>0</AutoGetAPN>
		<APN/>
		<AutoGetDNS>1</AutoGetDNS>
		<MainDNS/>
		<StandbyDNS/>
		<AutoGetPDP>1</AutoGetPDP>
		<PDPAddress/>
		<PDPType>IP</PDPType>
		<AuthType>PAP</AuthType>
		<AskUserAndPwd>0</AskUserAndPwd>
		<SaveUserAndPwd>0</SaveUserAndPwd>
	</IMSI>
<IMSI CCMNC="44030">
		<ConfigFileName>NTT DoCoMo</ConfigFileName>
		<UserName/>
		<Password/>
		<LoginNumber>*99***1</LoginNumber>
		<AutoGetAPN>0</AutoGetAPN>
		<APN/>
		<AutoGetDNS>1</AutoGetDNS>
		<MainDNS/>
		<StandbyDNS/>
		<AutoGetPDP>1</AutoGetPDP>
		<PDPAddress/>
		<PDPType>IP</PDPType>
		<AuthType>PAP</AuthType>
		<AskUserAndPwd>0</AskUserAndPwd>
		<SaveUserAndPwd>0</SaveUserAndPwd>
	</IMSI>
<IMSI CCMNC="44031">
		<ConfigFileName>NTT DoCoMo Kansai</ConfigFileName>
		<UserName/>
		<Password/>
		<LoginNumber>*99***1</LoginNumber>
		<AutoGetAPN>0</AutoGetAPN>
		<APN/>
		<AutoGetDNS>1</AutoGetDNS>
		<MainDNS/>
		<StandbyDNS/>
		<AutoGetPDP>1</AutoGetPDP>
		<PDPAddress/>
		<PDPType>IP</PDPType>
		<AuthType>PAP</AuthType>
		<AskUserAndPwd>0</AskUserAndPwd>
		<SaveUserAndPwd>0</SaveUserAndPwd>
	</IMSI>
<IMSI CCMNC="44032">
		<ConfigFileName>NTT DoCoMo</ConfigFileName>
		<UserName/>
		<Password/>
		<LoginNumber>*99***1</LoginNumber>
		<AutoGetAPN>0</AutoGetAPN>
		<APN/>
		<AutoGetDNS>1</AutoGetDNS>
		<MainDNS/>
		<StandbyDNS/>
		<AutoGetPDP>1</AutoGetPDP>
		<PDPAddress/>
		<PDPType>IP</PDPType>
		<AuthType>PAP</AuthType>
		<AskUserAndPwd>0</AskUserAndPwd>
		<SaveUserAndPwd>0</SaveUserAndPwd>
	</IMSI>
<IMSI CCMNC="44033">
		<ConfigFileName>NTT DoCoMo Tokai</ConfigFileName>
		<UserName/>
		<Password/>
		<LoginNumber>*99***1</LoginNumber>
		<AutoGetAPN>0</AutoGetAPN>
		<APN/>
		<AutoGetDNS>1</AutoGetDNS>
		<MainDNS/>
		<StandbyDNS/>
		<AutoGetPDP>1</AutoGetPDP>
		<PDPAddress/>
		<PDPType>IP</PDPType>
		<AuthType>PAP</AuthType>
		<AskUserAndPwd>0</AskUserAndPwd>
		<SaveUserAndPwd>0</SaveUserAndPwd>
	</IMSI>
<IMSI CCMNC="44034">
		<ConfigFileName>NTT DoCoMo Kyushu</ConfigFileName>
		<UserName/>
		<Password/>
		<LoginNumber>*99***1</LoginNumber>
		<AutoGetAPN>0</AutoGetAPN>
		<APN/>
		<AutoGetDNS>1</AutoGetDNS>
		<MainDNS/>
		<StandbyDNS/>
		<AutoGetPDP>1</AutoGetPDP>
		<PDPAddress/>
		<PDPType>IP</PDPType>
		<AuthType>PAP</AuthType>
		<AskUserAndPwd>0</AskUserAndPwd>
		<SaveUserAndPwd>0</SaveUserAndPwd>
	</IMSI>
<IMSI CCMNC="44035">
		<ConfigFileName>NTT DoCoMo Kansai</ConfigFileName>
		<UserName/>
		<Password/>
		<LoginNumber>*99***1</LoginNumber>
		<AutoGetAPN>0</AutoGetAPN>
		<APN/>
		<AutoGetDNS>1</AutoGetDNS>
		<MainDNS/>
		<StandbyDNS/>
		<AutoGetPDP>1</AutoGetPDP>
		<PDPAddress/>
		<PDPType>IP</PDPType>
		<AuthType>PAP</AuthType>
		<AskUserAndPwd>0</AskUserAndPwd>
		<SaveUserAndPwd>0</SaveUserAndPwd>
	</IMSI>
<IMSI CCMNC="44036">
		<ConfigFileName>NTT DoCoMo</ConfigFileName>
		<UserName/>
		<Password/>
		<LoginNumber>*99***1</LoginNumber>
		<AutoGetAPN>0</AutoGetAPN>
		<APN/>
		<AutoGetDNS>1</AutoGetDNS>
		<MainDNS/>
		<StandbyDNS/>
		<AutoGetPDP>1</AutoGetPDP>
		<PDPAddress/>
		<PDPType>IP</PDPType>
		<AuthType>PAP</AuthType>
		<AskUserAndPwd>0</AskUserAndPwd>
		<SaveUserAndPwd>0</SaveUserAndPwd>
	</IMSI>
<IMSI CCMNC="44037">
		<ConfigFileName>NTT DoCoMo</ConfigFileName>
		<UserName/>
		<Password/>
		<LoginNumber>*99***1</LoginNumber>
		<AutoGetAPN>0</AutoGetAPN>
		<APN/>
		<AutoGetDNS>1</AutoGetDNS>
		<MainDNS/>
		<StandbyDNS/>
		<AutoGetPDP>1</AutoGetPDP>
		<PDPAddress/>
		<PDPType>IP</PDPType>
		<AuthType>PAP</AuthType>
		<AskUserAndPwd>0</AskUserAndPwd>
		<SaveUserAndPwd>0</SaveUserAndPwd>
	</IMSI>
<IMSI CCMNC="44038">
		<ConfigFileName>NTT DoCoMo</ConfigFileName>
		<UserName/>
		<Password/>
		<LoginNumber>*99***1</LoginNumber>
		<AutoGetAPN>0</AutoGetAPN>
		<APN/>
		<AutoGetDNS>1</AutoGetDNS>
		<MainDNS/>
		<StandbyDNS/>
		<AutoGetPDP>1</AutoGetPDP>
		<PDPAddress/>
		<PDPType>IP</PDPType>
		<AuthType>PAP</AuthType>
		<AskUserAndPwd>0</AskUserAndPwd>
		<SaveUserAndPwd>0</SaveUserAndPwd>
	</IMSI>
<IMSI CCMNC="44039">
		<ConfigFileName>NTT DoCoMo</ConfigFileName>
		<UserName/>
		<Password/>
		<LoginNumber>*99***1</LoginNumber>
		<AutoGetAPN>0</AutoGetAPN>
		<APN/>
		<AutoGetDNS>1</AutoGetDNS>
		<MainDNS/>
		<StandbyDNS/>
		<AutoGetPDP>1</AutoGetPDP>
		<PDPAddress/>
		<PDPType>IP</PDPType>
		<AuthType>PAP</AuthType>
		<AskUserAndPwd>0</AskUserAndPwd>
		<SaveUserAndPwd>0</SaveUserAndPwd>
	</IMSI>
<IMSI CCMNC="44049">
		<ConfigFileName>NTT DoCoMo</ConfigFileName>
		<UserName/>
		<Password/>
		<LoginNumber>*99***1</LoginNumber>
		<AutoGetAPN>0</AutoGetAPN>
		<APN/>
		<AutoGetDNS>1</AutoGetDNS>
		<MainDNS/>
		<StandbyDNS/>
		<AutoGetPDP>1</AutoGetPDP>
		<PDPAddress/>
		<PDPType>IP</PDPType>
		<AuthType>PAP</AuthType>
		<AskUserAndPwd>0</AskUserAndPwd>
		<SaveUserAndPwd>0</SaveUserAndPwd>
	</IMSI>
<IMSI CCMNC="44050">
		<ConfigFileName>KDDI Corporation</ConfigFileName>
		<UserName/>
		<Password/>
		<LoginNumber/>
		<AutoGetAPN>0</AutoGetAPN>
		<APN/>
		<AutoGetDNS>1</AutoGetDNS>
		<MainDNS/>
		<StandbyDNS/>
		<AutoGetPDP>1</AutoGetPDP>
		<PDPAddress/>
		<PDPType>IP</PDPType>
		<AuthType>PAP</AuthType>
		<AskUserAndPwd>0</AskUserAndPwd>
		<SaveUserAndPwd>0</SaveUserAndPwd>
	</IMSI>
<IMSI CCMNC="44051">
		<ConfigFileName>KDDI Corporation</ConfigFileName>
		<UserName/>
		<Password/>
		<LoginNumber/>
		<AutoGetAPN>0</AutoGetAPN>
		<APN/>
		<AutoGetDNS>1</AutoGetDNS>
		<MainDNS/>
		<StandbyDNS/>
		<AutoGetPDP>1</AutoGetPDP>
		<PDPAddress/>
		<PDPType>IP</PDPType>
		<AuthType>PAP</AuthType>
		<AskUserAndPwd>0</AskUserAndPwd>
		<SaveUserAndPwd>0</SaveUserAndPwd>
	</IMSI>
<IMSI CCMNC="44052">
		<ConfigFileName>KDDI Corporation</ConfigFileName>
		<UserName/>
		<Password/>
		<LoginNumber/>
		<AutoGetAPN>0</AutoGetAPN>
		<APN/>
		<AutoGetDNS>1</AutoGetDNS>
		<MainDNS/>
		<StandbyDNS/>
		<AutoGetPDP>1</AutoGetPDP>
		<PDPAddress/>
		<PDPType>IP</PDPType>
		<AuthType>PAP</AuthType>
		<AskUserAndPwd>0</AskUserAndPwd>
		<SaveUserAndPwd>0</SaveUserAndPwd>
	</IMSI>
<IMSI CCMNC="44053">
		<ConfigFileName>KDDI Corporation</ConfigFileName>
		<UserName/>
		<Password/>
		<LoginNumber/>
		<AutoGetAPN>0</AutoGetAPN>
		<APN/>
		<AutoGetDNS>1</AutoGetDNS>
		<MainDNS/>
		<StandbyDNS/>
		<AutoGetPDP>1</AutoGetPDP>
		<PDPAddress/>
		<PDPType>IP</PDPType>
		<AuthType>PAP</AuthType>
		<AskUserAndPwd>0</AskUserAndPwd>
		<SaveUserAndPwd>0</SaveUserAndPwd>
	</IMSI>
<IMSI CCMNC="44054">
		<ConfigFileName>KDDI Corporation</ConfigFileName>
		<UserName/>
		<Password/>
		<LoginNumber/>
		<AutoGetAPN>0</AutoGetAPN>
		<APN/>
		<AutoGetDNS>1</AutoGetDNS>
		<MainDNS/>
		<StandbyDNS/>
		<AutoGetPDP>1</AutoGetPDP>
		<PDPAddress/>
		<PDPType>IP</PDPType>
		<AuthType>PAP</AuthType>
		<AskUserAndPwd>0</AskUserAndPwd>
		<SaveUserAndPwd>0</SaveUserAndPwd>
	</IMSI>
<IMSI CCMNC="44055">
		<ConfigFileName>KDDI Corporation</ConfigFileName>
		<UserName/>
		<Password/>
		<LoginNumber/>
		<AutoGetAPN>0</AutoGetAPN>
		<APN/>
		<AutoGetDNS>1</AutoGetDNS>
		<MainDNS/>
		<StandbyDNS/>
		<AutoGetPDP>1</AutoGetPDP>
		<PDPAddress/>
		<PDPType>IP</PDPType>
		<AuthType>PAP</AuthType>
		<AskUserAndPwd>0</AskUserAndPwd>
		<SaveUserAndPwd>0</SaveUserAndPwd>
	</IMSI>
<IMSI CCMNC="44056">
		<ConfigFileName>KDDI Corporation</ConfigFileName>
		<UserName/>
		<Password/>
		<LoginNumber/>
		<AutoGetAPN>0</AutoGetAPN>
		<APN/>
		<AutoGetDNS>1</AutoGetDNS>
		<MainDNS/>
		<StandbyDNS/>
		<AutoGetPDP>1</AutoGetPDP>
		<PDPAddress/>
		<PDPType>IP</PDPType>
		<AuthType>PAP</AuthType>
		<AskUserAndPwd>0</AskUserAndPwd>
		<SaveUserAndPwd>0</SaveUserAndPwd>
	</IMSI>
<IMSI CCMNC="44058">
		<ConfigFileName>NTT DoCoMo Kansai</ConfigFileName>
		<UserName/>
		<Password/>
		<LoginNumber>*99***1</LoginNumber>
		<AutoGetAPN>0</AutoGetAPN>
		<APN/>
		<AutoGetDNS>1</AutoGetDNS>
		<MainDNS/>
		<StandbyDNS/>
		<AutoGetPDP>1</AutoGetPDP>
		<PDPAddress/>
		<PDPType>IP</PDPType>
		<AuthType>PAP</AuthType>
		<AskUserAndPwd>0</AskUserAndPwd>
		<SaveUserAndPwd>0</SaveUserAndPwd>
	</IMSI>
<IMSI CCMNC="44060">
		<ConfigFileName>NTT DoCoMo Kansai</ConfigFileName>
		<UserName/>
		<Password/>
		<LoginNumber>*99***1</LoginNumber>
		<AutoGetAPN>0</AutoGetAPN>
		<APN/>
		<AutoGetDNS>1</AutoGetDNS>
		<MainDNS/>
		<StandbyDNS/>
		<AutoGetPDP>1</AutoGetPDP>
		<PDPAddress/>
		<PDPType>IP</PDPType>
		<AuthType>PAP</AuthType>
		<AskUserAndPwd>0</AskUserAndPwd>
		<SaveUserAndPwd>0</SaveUserAndPwd>
	</IMSI>
<IMSI CCMNC="44061">
		<ConfigFileName>NTT DoCoMo Chugoku</ConfigFileName>
		<UserName/>
		<Password/>
		<LoginNumber>*99***1</LoginNumber>
		<AutoGetAPN>0</AutoGetAPN>
		<APN/>
		<AutoGetDNS>1</AutoGetDNS>
		<MainDNS/>
		<StandbyDNS/>
		<AutoGetPDP>1</AutoGetPDP>
		<PDPAddress/>
		<PDPType>IP</PDPType>
		<AuthType>PAP</AuthType>
		<AskUserAndPwd>0</AskUserAndPwd>
		<SaveUserAndPwd>0</SaveUserAndPwd>
	</IMSI>
<IMSI CCMNC="44062">
		<ConfigFileName>NTT DoCoMo Kyushu</ConfigFileName>
		<UserName/>
		<Password/>
		<LoginNumber>*99***1</LoginNumber>
		<AutoGetAPN>0</AutoGetAPN>
		<APN/>
		<AutoGetDNS>1</AutoGetDNS>
		<MainDNS/>
		<StandbyDNS/>
		<AutoGetPDP>1</AutoGetPDP>
		<PDPAddress/>
		<PDPType>IP</PDPType>
		<AuthType>PAP</AuthType>
		<AskUserAndPwd>0</AskUserAndPwd>
		<SaveUserAndPwd>0</SaveUserAndPwd>
	</IMSI>
<IMSI CCMNC="44063">
		<ConfigFileName>NTT DoCoMo</ConfigFileName>
		<UserName/>
		<Password/>
		<LoginNumber>*99***1</LoginNumber>
		<AutoGetAPN>0</AutoGetAPN>
		<APN/>
		<AutoGetDNS>1</AutoGetDNS>
		<MainDNS/>
		<StandbyDNS/>
		<AutoGetPDP>1</AutoGetPDP>
		<PDPAddress/>
		<PDPType>IP</PDPType>
		<AuthType>PAP</AuthType>
		<AskUserAndPwd>0</AskUserAndPwd>
		<SaveUserAndPwd>0</SaveUserAndPwd>
	</IMSI>
<IMSI CCMNC="44064">
		<ConfigFileName>NTT DoCoMo</ConfigFileName>
		<UserName/>
		<Password/>
		<LoginNumber>*99***1</LoginNumber>
		<AutoGetAPN>0</AutoGetAPN>
		<APN/>
		<AutoGetDNS>1</AutoGetDNS>
		<MainDNS/>
		<StandbyDNS/>
		<AutoGetPDP>1</AutoGetPDP>
		<PDPAddress/>
		<PDPType>IP</PDPType>
		<AuthType>PAP</AuthType>
		<AskUserAndPwd>0</AskUserAndPwd>
		<SaveUserAndPwd>0</SaveUserAndPwd>
	</IMSI>
<IMSI CCMNC="44065">
		<ConfigFileName>NTT DoCoMo Shikoku</ConfigFileName>
		<UserName/>
		<Password/>
		<LoginNumber>*99***1</LoginNumber>
		<AutoGetAPN>0</AutoGetAPN>
		<APN/>
		<AutoGetDNS>1</AutoGetDNS>
		<MainDNS/>
		<StandbyDNS/>
		<AutoGetPDP>1</AutoGetPDP>
		<PDPAddress/>
		<PDPType>IP</PDPType>
		<AuthType>PAP</AuthType>
		<AskUserAndPwd>0</AskUserAndPwd>
		<SaveUserAndPwd>0</SaveUserAndPwd>
	</IMSI>
<IMSI CCMNC="44066">
		<ConfigFileName>NTT DoCoMo</ConfigFileName>
		<UserName/>
		<Password/>
		<LoginNumber>*99***1</LoginNumber>
		<AutoGetAPN>0</AutoGetAPN>
		<APN/>
		<AutoGetDNS>1</AutoGetDNS>
		<MainDNS/>
		<StandbyDNS/>
		<AutoGetPDP>1</AutoGetPDP>
		<PDPAddress/>
		<PDPType>IP</PDPType>
		<AuthType>PAP</AuthType>
		<AskUserAndPwd>0</AskUserAndPwd>
		<SaveUserAndPwd>0</SaveUserAndPwd>
	</IMSI>
<IMSI CCMNC="44067">
		<ConfigFileName>NTT DoCoMo Tohoku</ConfigFileName>
		<UserName/>
		<Password/>
		<LoginNumber>*99***1</LoginNumber>
		<AutoGetAPN>0</AutoGetAPN>
		<APN/>
		<AutoGetDNS>1</AutoGetDNS>
		<MainDNS/>
		<StandbyDNS/>
		<AutoGetPDP>1</AutoGetPDP>
		<PDPAddress/>
		<PDPType>IP</PDPType>
		<AuthType>PAP</AuthType>
		<AskUserAndPwd>0</AskUserAndPwd>
		<SaveUserAndPwd>0</SaveUserAndPwd>
	</IMSI>
<IMSI CCMNC="44068">
		<ConfigFileName>NTT DoCoMo Kyushu</ConfigFileName>
		<UserName/>
		<Password/>
		<LoginNumber>*99***1</LoginNumber>
		<AutoGetAPN>0</AutoGetAPN>
		<APN/>
		<AutoGetDNS>1</AutoGetDNS>
		<MainDNS/>
		<StandbyDNS/>
		<AutoGetPDP>1</AutoGetPDP>
		<PDPAddress/>
		<PDPType>IP</PDPType>
		<AuthType>PAP</AuthType>
		<AskUserAndPwd>0</AskUserAndPwd>
		<SaveUserAndPwd>0</SaveUserAndPwd>
	</IMSI>
<IMSI CCMNC="44069">
		<ConfigFileName>NTT DoCoMo</ConfigFileName>
		<UserName/>
		<Password/>
		<LoginNumber>*99***1</LoginNumber>
		<AutoGetAPN>0</AutoGetAPN>
		<APN/>
		<AutoGetDNS>1</AutoGetDNS>
		<MainDNS/>
		<StandbyDNS/>
		<AutoGetPDP>1</AutoGetPDP>
		<PDPAddress/>
		<PDPType>IP</PDPType>
		<AuthType>PAP</AuthType>
		<AskUserAndPwd>0</AskUserAndPwd>
		<SaveUserAndPwd>0</SaveUserAndPwd>
	</IMSI>
<IMSI CCMNC="44071">
		<ConfigFileName>KDDI Corporation</ConfigFileName>
		<UserName/>
		<Password/>
		<LoginNumber/>
		<AutoGetAPN>0</AutoGetAPN>
		<APN/>
		<AutoGetDNS>1</AutoGetDNS>
		<MainDNS/>
		<StandbyDNS/>
		<AutoGetPDP>1</AutoGetPDP>
		<PDPAddress/>
		<PDPType>IP</PDPType>
		<AuthType>PAP</AuthType>
		<AskUserAndPwd>0</AskUserAndPwd>
		<SaveUserAndPwd>0</SaveUserAndPwd>
	</IMSI>
<IMSI CCMNC="44072">
		<ConfigFileName>KDDI Corporation</ConfigFileName>
		<UserName/>
		<Password/>
		<LoginNumber/>
		<AutoGetAPN>0</AutoGetAPN>
		<APN/>
		<AutoGetDNS>1</AutoGetDNS>
		<MainDNS/>
		<StandbyDNS/>
		<AutoGetPDP>1</AutoGetPDP>
		<PDPAddress/>
		<PDPType>IP</PDPType>
		<AuthType>PAP</AuthType>
		<AskUserAndPwd>0</AskUserAndPwd>
		<SaveUserAndPwd>0</SaveUserAndPwd>
	</IMSI>
<IMSI CCMNC="44073">
		<ConfigFileName>KDDI Corporation</ConfigFileName>
		<UserName/>
		<Password/>
		<LoginNumber/>
		<AutoGetAPN>0</AutoGetAPN>
		<APN/>
		<AutoGetDNS>1</AutoGetDNS>
		<MainDNS/>
		<StandbyDNS/>
		<AutoGetPDP>1</AutoGetPDP>
		<PDPAddress/>
		<PDPType>IP</PDPType>
		<AuthType>PAP</AuthType>
		<AskUserAndPwd>0</AskUserAndPwd>
		<SaveUserAndPwd>0</SaveUserAndPwd>
	</IMSI>
<IMSI CCMNC="44074">
		<ConfigFileName>KDDI Corporation</ConfigFileName>
		<UserName/>
		<Password/>
		<LoginNumber/>
		<AutoGetAPN>0</AutoGetAPN>
		<APN/>
		<AutoGetDNS>1</AutoGetDNS>
		<MainDNS/>
		<StandbyDNS/>
		<AutoGetPDP>1</AutoGetPDP>
		<PDPAddress/>
		<PDPType>IP</PDPType>
		<AuthType>PAP</AuthType>
		<AskUserAndPwd>0</AskUserAndPwd>
		<SaveUserAndPwd>0</SaveUserAndPwd>
	</IMSI>
<IMSI CCMNC="44075">
		<ConfigFileName>KDDI Corporation</ConfigFileName>
		<UserName/>
		<Password/>
		<LoginNumber/>
		<AutoGetAPN>0</AutoGetAPN>
		<APN/>
		<AutoGetDNS>1</AutoGetDNS>
		<MainDNS/>
		<StandbyDNS/>
		<AutoGetPDP>1</AutoGetPDP>
		<PDPAddress/>
		<PDPType>IP</PDPType>
		<AuthType>PAP</AuthType>
		<AskUserAndPwd>0</AskUserAndPwd>
		<SaveUserAndPwd>0</SaveUserAndPwd>
	</IMSI>
<IMSI CCMNC="44076">
		<ConfigFileName>KDDI Corporation</ConfigFileName>
		<UserName/>
		<Password/>
		<LoginNumber/>
		<AutoGetAPN>0</AutoGetAPN>
		<APN/>
		<AutoGetDNS>1</AutoGetDNS>
		<MainDNS/>
		<StandbyDNS/>
		<AutoGetPDP>1</AutoGetPDP>
		<PDPAddress/>
		<PDPType>IP</PDPType>
		<AuthType>PAP</AuthType>
		<AskUserAndPwd>0</AskUserAndPwd>
		<SaveUserAndPwd>0</SaveUserAndPwd>
	</IMSI>
<IMSI CCMNC="44077">
		<ConfigFileName>KDDI Corporation</ConfigFileName>
		<UserName/>
		<Password/>
		<LoginNumber/>
		<AutoGetAPN>0</AutoGetAPN>
		<APN/>
		<AutoGetDNS>1</AutoGetDNS>
		<MainDNS/>
		<StandbyDNS/>
		<AutoGetPDP>1</AutoGetPDP>
		<PDPAddress/>
		<PDPType>IP</PDPType>
		<AuthType>PAP</AuthType>
		<AskUserAndPwd>0</AskUserAndPwd>
		<SaveUserAndPwd>0</SaveUserAndPwd>
	</IMSI>
<IMSI CCMNC="44079">
		<ConfigFileName>KDDI Corporation</ConfigFileName>
		<UserName/>
		<Password/>
		<LoginNumber/>
		<AutoGetAPN>0</AutoGetAPN>
		<APN/>
		<AutoGetDNS>1</AutoGetDNS>
		<MainDNS/>
		<StandbyDNS/>
		<AutoGetPDP>1</AutoGetPDP>
		<PDPAddress/>
		<PDPType>IP</PDPType>
		<AuthType>PAP</AuthType>
		<AskUserAndPwd>0</AskUserAndPwd>
		<SaveUserAndPwd>0</SaveUserAndPwd>
	</IMSI>
<IMSI CCMNC="44087">
		<ConfigFileName>NTT DoCoMo Chugoku</ConfigFileName>
		<UserName/>
		<Password/>
		<LoginNumber>*99***1</LoginNumber>
		<AutoGetAPN>0</AutoGetAPN>
		<APN/>
		<AutoGetDNS>1</AutoGetDNS>
		<MainDNS/>
		<StandbyDNS/>
		<AutoGetPDP>1</AutoGetPDP>
		<PDPAddress/>
		<PDPType>IP</PDPType>
		<AuthType>PAP</AuthType>
		<AskUserAndPwd>0</AskUserAndPwd>
		<SaveUserAndPwd>0</SaveUserAndPwd>
	</IMSI>
<IMSI CCMNC="44088">
		<ConfigFileName>KDDI Corporation</ConfigFileName>
		<UserName/>
		<Password/>
		<LoginNumber/>
		<AutoGetAPN>0</AutoGetAPN>
		<APN/>
		<AutoGetDNS>1</AutoGetDNS>
		<MainDNS/>
		<StandbyDNS/>
		<AutoGetPDP>1</AutoGetPDP>
		<PDPAddress/>
		<PDPType>IP</PDPType>
		<AuthType>PAP</AuthType>
		<AskUserAndPwd>0</AskUserAndPwd>
		<SaveUserAndPwd>0</SaveUserAndPwd>
	</IMSI>
<IMSI CCMNC="44089">
		<ConfigFileName>KDDI Corporation</ConfigFileName>
		<UserName/>
		<Password/>
		<LoginNumber/>
		<AutoGetAPN>0</AutoGetAPN>
		<APN/>
		<AutoGetDNS>1</AutoGetDNS>
		<MainDNS/>
		<StandbyDNS/>
		<AutoGetPDP>1</AutoGetPDP>
		<PDPAddress/>
		<PDPType>IP</PDPType>
		<AuthType>PAP</AuthType>
		<AskUserAndPwd>0</AskUserAndPwd>
		<SaveUserAndPwd>0</SaveUserAndPwd>
	</IMSI>
<IMSI CCMNC="44099">
		<ConfigFileName>NTT DoCoMo</ConfigFileName>
		<UserName/>
		<Password/>
		<LoginNumber>*99***1</LoginNumber>
		<AutoGetAPN>0</AutoGetAPN>
		<APN/>
		<AutoGetDNS>1</AutoGetDNS>
		<MainDNS/>
		<StandbyDNS/>
		<AutoGetPDP>1</AutoGetPDP>
		<PDPAddress/>
		<PDPType>IP</PDPType>
		<AuthType>PAP</AuthType>
		<AskUserAndPwd>0</AskUserAndPwd>
		<SaveUserAndPwd>0</SaveUserAndPwd>
	</IMSI>
<IMSI CCMNC="45201">
		<ConfigFileName>Mobifone</ConfigFileName>
		<UserName>mms</UserName>
		<Password>mms</Password>
		<LoginNumber>*99#</LoginNumber>
		<AutoGetAPN>0</AutoGetAPN>
		<APN>m-wap</APN>
		<AutoGetDNS>1</AutoGetDNS>
		<MainDNS/>
		<StandbyDNS/>
		<AutoGetPDP>1</AutoGetPDP>
		<PDPAddress/>
		<PDPType>IP</PDPType>
		<AuthType>PAP</AuthType>
		<AskUserAndPwd>0</AskUserAndPwd>
		<SaveUserAndPwd>0</SaveUserAndPwd>
	</IMSI>
<IMSI CCMNC="45202">
		<ConfigFileName>Vinaphone</ConfigFileName>
		<UserName>mms</UserName>
		<Password>mms</Password>
		<LoginNumber>*99#</LoginNumber>
		<AutoGetAPN>0</AutoGetAPN>
		<APN>m3-world</APN>
		<AutoGetDNS>1</AutoGetDNS>
		<MainDNS/>
		<StandbyDNS/>
		<AutoGetPDP>1</AutoGetPDP>
		<PDPAddress/>
		<PDPType>IP</PDPType>
		<AuthType>PAP</AuthType>
		<AskUserAndPwd>0</AskUserAndPwd>
		<SaveUserAndPwd>0</SaveUserAndPwd>
	</IMSI>
<IMSI CCMNC="45410">
		<ConfigFileName>NewWorld</ConfigFileName>
		<UserName/>
		<Password/>
		<LoginNumber>*99#</LoginNumber>
		<AutoGetAPN>0</AutoGetAPN>
		<APN>internet</APN>
		<AutoGetDNS>1</AutoGetDNS>
		<MainDNS/>
		<StandbyDNS/>
		<AutoGetPDP>1</AutoGetPDP>
		<PDPAddress/>
		<PDPType>IP</PDPType>
		<AuthType>PAP</AuthType>
		<AskUserAndPwd>0</AskUserAndPwd>
		<SaveUserAndPwd>0</SaveUserAndPwd>
	</IMSI>
<IMSI CCMNC="45406">
		<ConfigFileName>smartone</ConfigFileName>
		<UserName/>
		<Password/>
		<LoginNumber>*99#</LoginNumber>
		<AutoGetAPN>0</AutoGetAPN>
		<APN>smartone</APN>
		<AutoGetDNS>1</AutoGetDNS>
		<MainDNS/>
		<StandbyDNS/>
		<AutoGetPDP>1</AutoGetPDP>
		<PDPAddress/>
		<PDPType>IP</PDPType>
		<AuthType>PAP</AuthType>
		<AskUserAndPwd>0</AskUserAndPwd>
		<SaveUserAndPwd>0</SaveUserAndPwd>
	</IMSI>
<IMSI CCMNC="45404">
		<ConfigFileName>3 HK DATA</ConfigFileName>
		<UserName/>
		<Password/>
		<LoginNumber>*99#</LoginNumber>
		<AutoGetAPN>0</AutoGetAPN>
		<APN>ipc.lte.three.com.hk</APN>
		<AutoGetDNS>1</AutoGetDNS>
		<MainDNS/>
		<StandbyDNS/>
		<AutoGetPDP>1</AutoGetPDP>
		<PDPAddress/>
		<PDPType>IP</PDPType>
		<AuthType>PAP</AuthType>
		<AskUserAndPwd>0</AskUserAndPwd>
		<SaveUserAndPwd>0</SaveUserAndPwd>
	</IMSI>
<IMSI CCMNC="45403">
		<ConfigFileName>3 HK DATA</ConfigFileName>
		<UserName/>
		<Password/>
		<LoginNumber>*99#</LoginNumber>
		<AutoGetAPN>0</AutoGetAPN>
		<APN>ipc.lte.three.com.hk</APN>
		<AutoGetDNS>1</AutoGetDNS>
		<MainDNS/>
		<StandbyDNS/>
		<AutoGetPDP>1</AutoGetPDP>
		<PDPAddress/>
		<PDPType>IP</PDPType>
		<AuthType>PAP</AuthType>
		<AskUserAndPwd>0</AskUserAndPwd>
		<SaveUserAndPwd>0</SaveUserAndPwd>
	</IMSI>
<IMSI CCMNC="45412">
		<ConfigFileName>CMHK</ConfigFileName>
		<UserName/>
		<Password/>
		<LoginNumber>*99#</LoginNumber>
		<AutoGetAPN>0</AutoGetAPN>
		<APN>cmhk</APN>
		<AutoGetDNS>1</AutoGetDNS>
		<MainDNS/>
		<StandbyDNS/>
		<AutoGetPDP>1</AutoGetPDP>
		<PDPAddress/>
		<PDPType>IP</PDPType>
		<AuthType>PAP</AuthType>
		<AskUserAndPwd>0</AskUserAndPwd>
		<SaveUserAndPwd>0</SaveUserAndPwd>
	</IMSI>
<IMSI CCMNC="45413">
		<ConfigFileName>CMHK</ConfigFileName>
		<UserName/>
		<Password/>
		<LoginNumber>*99#</LoginNumber>
		<AutoGetAPN>0</AutoGetAPN>
		<APN>cmhk</APN>
		<AutoGetDNS>1</AutoGetDNS>
		<MainDNS/>
		<StandbyDNS/>
		<AutoGetPDP>1</AutoGetPDP>
		<PDPAddress/>
		<PDPType>IP</PDPType>
		<AuthType>PAP</AuthType>
		<AskUserAndPwd>0</AskUserAndPwd>
		<SaveUserAndPwd>0</SaveUserAndPwd>
	</IMSI>
<IMSI CCMNC="45416">
		<ConfigFileName>PCCW</ConfigFileName>
		<UserName/>
		<Password/>
		<LoginNumber>*99#</LoginNumber>
		<AutoGetAPN>0</AutoGetAPN>
		<APN>pccw</APN>
		<AutoGetDNS>1</AutoGetDNS>
		<MainDNS/>
		<StandbyDNS/>
		<AutoGetPDP>1</AutoGetPDP>
		<PDPAddress/>
		<PDPType>IP</PDPType>
		<AuthType>PAP</AuthType>
		<AskUserAndPwd>0</AskUserAndPwd>
		<SaveUserAndPwd>0</SaveUserAndPwd>
	</IMSI>
<IMSI CCMNC="45419">
		<ConfigFileName>PCCW</ConfigFileName>
		<UserName/>
		<Password/>
		<LoginNumber>*99#</LoginNumber>
		<AutoGetAPN>0</AutoGetAPN>
		<APN>pccw</APN>
		<AutoGetDNS>1</AutoGetDNS>
		<MainDNS/>
		<StandbyDNS/>
		<AutoGetPDP>1</AutoGetPDP>
		<PDPAddress/>
		<PDPType>IP</PDPType>
		<AuthType>PAP</AuthType>
		<AskUserAndPwd>0</AskUserAndPwd>
		<SaveUserAndPwd>0</SaveUserAndPwd>
	</IMSI>
<IMSI CCMNC="45501">
		<ConfigFileName>CTM</ConfigFileName>
		<UserName/>
		<Password/>
		<LoginNumber>*99#</LoginNumber>
		<AutoGetAPN>0</AutoGetAPN>
		<APN>ctm-mobile</APN>
		<AutoGetDNS>1</AutoGetDNS>
		<MainDNS/>
		<StandbyDNS/>
		<AutoGetPDP>1</AutoGetPDP>
		<PDPAddress/>
		<PDPType>IP</PDPType>
		<AuthType>PAP</AuthType>
		<AskUserAndPwd>0</AskUserAndPwd>
		<SaveUserAndPwd>0</SaveUserAndPwd>
	</IMSI>
<IMSI CCMNC="45503">
		<ConfigFileName>3 Macau</ConfigFileName>
		<UserName/>
		<Password/>
		<LoginNumber>*99#</LoginNumber>
		<AutoGetAPN>0</AutoGetAPN>
		<APN>mobile.three.com.mo</APN>
		<AutoGetDNS>1</AutoGetDNS>
		<MainDNS/>
		<StandbyDNS/>
		<AutoGetPDP>1</AutoGetPDP>
		<PDPAddress/>
		<PDPType>IP</PDPType>
		<AuthType>PAP</AuthType>
		<AskUserAndPwd>0</AskUserAndPwd>
		<SaveUserAndPwd>0</SaveUserAndPwd>
	</IMSI>
<IMSI CCMNC="45500">
		<ConfigFileName>SmarToneMacau</ConfigFileName>
		<UserName/>
		<Password/>
		<LoginNumber>*99#</LoginNumber>
		<AutoGetAPN>0</AutoGetAPN>
		<APN>smartgprs</APN>
		<AutoGetDNS>1</AutoGetDNS>
		<MainDNS/>
		<StandbyDNS/>
		<AutoGetPDP>1</AutoGetPDP>
		<PDPAddress/>
		<PDPType>IP</PDPType>
		<AuthType>PAP</AuthType>
		<AskUserAndPwd>0</AskUserAndPwd>
		<SaveUserAndPwd>0</SaveUserAndPwd>
	</IMSI>
<IMSI CCMNC="45504">
		<ConfigFileName>CTM Mobile</ConfigFileName>
		<UserName/>
		<Password/>
		<LoginNumber>*99#</LoginNumber>
		<AutoGetAPN>0</AutoGetAPN>
		<APN>ctm-mobile</APN>
		<AutoGetDNS>1</AutoGetDNS>
		<MainDNS/>
		<StandbyDNS/>
		<AutoGetPDP>1</AutoGetPDP>
		<PDPAddress/>
		<PDPType>IP</PDPType>
		<AuthType>PAP</AuthType>
		<AskUserAndPwd>0</AskUserAndPwd>
		<SaveUserAndPwd>0</SaveUserAndPwd>
	</IMSI>
<IMSI CCMNC="45502">
		<ConfigFileName>Macau Telecom 4G</ConfigFileName>
		<UserName/>
		<Password/>
		<LoginNumber>*99#</LoginNumber>
		<AutoGetAPN>0</AutoGetAPN>
		<APN>4GDCTF</APN>
		<AutoGetDNS>1</AutoGetDNS>
		<MainDNS/>
		<StandbyDNS/>
		<AutoGetPDP>1</AutoGetPDP>
		<PDPAddress/>
		<PDPType>IP</PDPType>
		<AuthType>PAP</AuthType>
		<AskUserAndPwd>0</AskUserAndPwd>
		<SaveUserAndPwd>0</SaveUserAndPwd>
	</IMSI>
<IMSI CCMNC="45502">
		<ConfigFileName>Macau Telecom 3G</ConfigFileName>
		<UserName>ctnet@mycdma.cn</UserName>
		<Password>vnet.mobi</Password>
		<LoginNumber>#777</LoginNumber>
		<AutoGetAPN>0</AutoGetAPN>
		<APN>ctnet</APN>
		<AutoGetDNS>1</AutoGetDNS>
		<MainDNS/>
		<StandbyDNS/>
		<AutoGetPDP>1</AutoGetPDP>
		<PDPAddress/>
		<PDPType>IP</PDPType>
		<AuthType>CHAP</AuthType>
		<AskUserAndPwd>0</AskUserAndPwd>
		<SaveUserAndPwd>0</SaveUserAndPwd>
	</IMSI>
<IMSI CCMNC="46000">
		<ConfigFileName>CMCC</ConfigFileName>
		<UserName/>
		<Password/>
		<LoginNumber>*99#</LoginNumber>
		<AutoGetAPN>0</AutoGetAPN>
		<APN>cmnet</APN>
		<AutoGetDNS>1</AutoGetDNS>
		<MainDNS/>
		<StandbyDNS/>
		<AutoGetPDP>1</AutoGetPDP>
		<PDPAddress/>
		<PDPType>IP</PDPType>
		<AuthType>PAP</AuthType>
		<AskUserAndPwd>0</AskUserAndPwd>
		<SaveUserAndPwd>0</SaveUserAndPwd>
	</IMSI>
<IMSI CCMNC="46001">
		<ConfigFileName>China Unicom</ConfigFileName>
		<UserName/>
		<Password/>
		<LoginNumber>*99#</LoginNumber>
		<AutoGetAPN>0</AutoGetAPN>
		<APN>3gnet</APN>
		<AutoGetDNS>1</AutoGetDNS>
		<MainDNS/>
		<StandbyDNS/>
		<AutoGetPDP>1</AutoGetPDP>
		<PDPAddress/>
		<PDPType>IP</PDPType>
		<AuthType>PAP</AuthType>
		<AskUserAndPwd>0</AskUserAndPwd>
		<SaveUserAndPwd>0</SaveUserAndPwd>
	</IMSI>

</ApnFiles>

