<?xml version="1.0"?>
<ApnFiles>

<IMSI CCMNC="21418">
		<ConfigFileName>ONO</ConfigFileName>
		<UserName/>
		<Password/>
		<LoginNumber>*99#</LoginNumber>
		<AutoGetAPN>0</AutoGetAPN>
		<APN>internet.ono.com</APN>
		<AutoGetDNS>1</AutoGetDNS>
		<MainDNS/>
		<StandbyDNS/>
		<AutoGetPDP>1</AutoGetPDP>
		<PDPAddress/>
		<PDPType>IP</PDPType>
		<AuthType>PAP</AuthType>
		<AskUserAndPwd>0</AskUserAndPwd>
		<SaveUserAndPwd>0</SaveUserAndPwd>
	</IMSI>
<IMSI CCMNC="21419">
		<ConfigFileName>Symio</ConfigFileName>
		<UserName/>
		<Password/>
		<LoginNumber>*99#</LoginNumber>
		<AutoGetAPN>0</AutoGetAPN>
		<APN>gprs.pepephone.com</APN>
		<AutoGetDNS>1</AutoGetDNS>
		<MainDNS/>
		<StandbyDNS/>
		<AutoGetPDP>1</AutoGetPDP>
		<PDPAddress/>
		<PDPType>IP</PDPType>
		<AuthType>PAP</AuthType>
		<AskUserAndPwd>0</AskUserAndPwd>
		<SaveUserAndPwd>0</SaveUserAndPwd>
	</IMSI>
<IMSI CCMNC="21421">
		<ConfigFileName>Jazztel</ConfigFileName>
		<UserName/>
		<Password/>
		<LoginNumber>*99#</LoginNumber>
		<AutoGetAPN>0</AutoGetAPN>
		<APN>jazzinternet</APN>
		<AutoGetDNS>1</AutoGetDNS>
		<MainDNS/>
		<StandbyDNS/>
		<AutoGetPDP>1</AutoGetPDP>
		<PDPAddress/>
		<PDPType>IP</PDPType>
		<AuthType>PAP</AuthType>
		<AskUserAndPwd>0</AskUserAndPwd>
		<SaveUserAndPwd>0</SaveUserAndPwd>
	</IMSI>
<IMSI CCMNC="21601">
		<ConfigFileName>Pannon</ConfigFileName>
		<UserName/>
		<Password/>
		<LoginNumber>*99#</LoginNumber>
		<AutoGetAPN>0</AutoGetAPN>
		<APN>net</APN>
		<AutoGetDNS>1</AutoGetDNS>
		<MainDNS/>
		<StandbyDNS/>
		<AutoGetPDP>1</AutoGetPDP>
		<PDPAddress/>
		<PDPType>IP</PDPType>
		<AuthType>PAP</AuthType>
		<AskUserAndPwd>0</AskUserAndPwd>
		<SaveUserAndPwd>0</SaveUserAndPwd>
	</IMSI>
<IMSI CCMNC="21670">
		<ConfigFileName>Vodafone HU</ConfigFileName>
		<UserName/>
		<Password/>
		<LoginNumber>*99#</LoginNumber>
		<AutoGetAPN>0</AutoGetAPN>
		<APN>internet.vodafone.net</APN>
		<AutoGetDNS>1</AutoGetDNS>
		<MainDNS/>
		<StandbyDNS/>
		<AutoGetPDP>1</AutoGetPDP>
		<PDPAddress/>
		<PDPType>IP</PDPType>
		<AuthType>PAP</AuthType>
		<AskUserAndPwd>0</AskUserAndPwd>
		<SaveUserAndPwd>0</SaveUserAndPwd>
	</IMSI>
<IMSI CCMNC="21630">
		<ConfigFileName>Telekom Net</ConfigFileName>
		<UserName/>
		<Password/>
		<LoginNumber>*99#</LoginNumber>
		<AutoGetAPN>0</AutoGetAPN>
		<APN>internet</APN>
		<AutoGetDNS>1</AutoGetDNS>
		<MainDNS/>
		<StandbyDNS/>
		<AutoGetPDP>1</AutoGetPDP>
		<PDPAddress/>
		<PDPType>IP</PDPType>
		<AuthType>PAP</AuthType>
		<AskUserAndPwd>0</AskUserAndPwd>
		<SaveUserAndPwd>0</SaveUserAndPwd>
	</IMSI>
<IMSI CCMNC="21805">
		<ConfigFileName>Telekom Srpske</ConfigFileName>
		<UserName/>
		<Password/>
		<LoginNumber>*99#</LoginNumber>
		<AutoGetAPN>0</AutoGetAPN>
		<APN>mobisgprs1</APN>
		<AutoGetDNS>1</AutoGetDNS>
		<MainDNS/>
		<StandbyDNS/>
		<AutoGetPDP>1</AutoGetPDP>
		<PDPAddress/>
		<PDPType>IP</PDPType>
		<AuthType>PAP</AuthType>
		<AskUserAndPwd>0</AskUserAndPwd>
		<SaveUserAndPwd>0</SaveUserAndPwd>
	</IMSI>
<IMSI CCMNC="21901">
		<ConfigFileName>T-Mobile HR</ConfigFileName>
		<UserName/>
		<Password/>
		<LoginNumber>*99#</LoginNumber>
		<AutoGetAPN>0</AutoGetAPN>
		<APN>web.htgprs</APN>
		<AutoGetDNS>1</AutoGetDNS>
		<MainDNS/>
		<StandbyDNS/>
		<AutoGetPDP>1</AutoGetPDP>
		<PDPAddress/>
		<PDPType>IP</PDPType>
		<AuthType>PAP</AuthType>
		<AskUserAndPwd>0</AskUserAndPwd>
		<SaveUserAndPwd>0</SaveUserAndPwd>
	</IMSI>
<IMSI CCMNC="21910">
		<ConfigFileName>VIP</ConfigFileName>
		<UserName/>
		<Password/>
		<LoginNumber>*99#</LoginNumber>
		<AutoGetAPN>0</AutoGetAPN>
		<APN>gprs0.vipnet.hr</APN>
		<AutoGetDNS>1</AutoGetDNS>
		<MainDNS/>
		<StandbyDNS/>
		<AutoGetPDP>1</AutoGetPDP>
		<PDPAddress/>
		<PDPType>IP</PDPType>
		<AuthType>PAP</AuthType>
		<AskUserAndPwd>0</AskUserAndPwd>
		<SaveUserAndPwd>0</SaveUserAndPwd>
	</IMSI>
<IMSI CCMNC="22001">
		<ConfigFileName>Mobtel</ConfigFileName>
		<UserName>mobtel</UserName>
		<Password>gprs</Password>
		<LoginNumber>*99#</LoginNumber>
		<AutoGetAPN>0</AutoGetAPN>
		<APN>internet</APN>
		<AutoGetDNS>1</AutoGetDNS>
		<MainDNS/>
		<StandbyDNS/>
		<AutoGetPDP>1</AutoGetPDP>
		<PDPAddress/>
		<PDPType>IP</PDPType>
		<AuthType>PAP</AuthType>
		<AskUserAndPwd>0</AskUserAndPwd>
		<SaveUserAndPwd>0</SaveUserAndPwd>
	</IMSI>
<IMSI CCMNC="22004">
		<ConfigFileName>Monet</ConfigFileName>
		<UserName/>
		<Password/>
		<LoginNumber>*99#</LoginNumber>
		<AutoGetAPN>0</AutoGetAPN>
		<APN>gprs.monetcg.com</APN>
		<AutoGetDNS>1</AutoGetDNS>
		<MainDNS/>
		<StandbyDNS/>
		<AutoGetPDP>1</AutoGetPDP>
		<PDPAddress/>
		<PDPType>IP</PDPType>
		<AuthType>PAP</AuthType>
		<AskUserAndPwd>0</AskUserAndPwd>
		<SaveUserAndPwd>0</SaveUserAndPwd>
	</IMSI>
<IMSI CCMNC="22003">
		<ConfigFileName>Telekom Srbija</ConfigFileName>
		<UserName>mts</UserName>
		<Password>64</Password>
		<LoginNumber>*99#</LoginNumber>
		<AutoGetAPN>0</AutoGetAPN>
		<APN>gprsinternet</APN>
		<AutoGetDNS>1</AutoGetDNS>
		<MainDNS/>
		<StandbyDNS/>
		<AutoGetPDP>1</AutoGetPDP>
		<PDPAddress/>
		<PDPType>IP</PDPType>
		<AuthType>PAP</AuthType>
		<AskUserAndPwd>0</AskUserAndPwd>
		<SaveUserAndPwd>0</SaveUserAndPwd>
	</IMSI>
<IMSI CCMNC="22299">
		<ConfigFileName>3 Italia Ricaricabile</ConfigFileName>
		<UserName/>
		<Password/>
		<LoginNumber>*99#</LoginNumber>
		<AutoGetAPN>0</AutoGetAPN>
		<APN>tre.it</APN>
		<AutoGetDNS>1</AutoGetDNS>
		<MainDNS/>
		<StandbyDNS/>
		<AutoGetPDP>1</AutoGetPDP>
		<PDPAddress/>
		<PDPType>IP</PDPType>
		<AuthType>PAP</AuthType>
		<AskUserAndPwd>0</AskUserAndPwd>
		<SaveUserAndPwd>0</SaveUserAndPwd>
	</IMSI>
<IMSI CCMNC="22298">
		<ConfigFileName>BLU</ConfigFileName>
		<UserName/>
		<Password/>
		<LoginNumber>*99#</LoginNumber>
		<AutoGetAPN>0</AutoGetAPN>
		<APN>INTERNET</APN>
		<AutoGetDNS>1</AutoGetDNS>
		<MainDNS/>
		<StandbyDNS/>
		<AutoGetPDP>1</AutoGetPDP>
		<PDPAddress/>
		<PDPType>IP</PDPType>
		<AuthType>PAP</AuthType>
		<AskUserAndPwd>0</AskUserAndPwd>
		<SaveUserAndPwd>0</SaveUserAndPwd>
	</IMSI>
<IMSI CCMNC="22210">
		<ConfigFileName>Vodafone IT</ConfigFileName>
		<UserName/>
		<Password/>
		<LoginNumber>*99#</LoginNumber>
		<AutoGetAPN>0</AutoGetAPN>
		<APN>web.omnitel.it</APN>
		<AutoGetDNS>1</AutoGetDNS>
		<MainDNS/>
		<StandbyDNS/>
		<AutoGetPDP>1</AutoGetPDP>
		<PDPAddress/>
		<PDPType>IP</PDPType>
		<AuthType>PAP</AuthType>
		<AskUserAndPwd>0</AskUserAndPwd>
		<SaveUserAndPwd>0</SaveUserAndPwd>
	</IMSI>
<IMSI CCMNC="22288">
		<ConfigFileName>Wind IT</ConfigFileName>
		<UserName/>
		<Password/>
		<LoginNumber>*99#</LoginNumber>
		<AutoGetAPN>0</AutoGetAPN>
		<APN>internet.wind</APN>
		<AutoGetDNS>1</AutoGetDNS>
		<MainDNS/>
		<StandbyDNS/>
		<AutoGetPDP>1</AutoGetPDP>
		<PDPAddress/>
		<PDPType>IP</PDPType>
		<AuthType>PAP</AuthType>
		<AskUserAndPwd>0</AskUserAndPwd>
		<SaveUserAndPwd>0</SaveUserAndPwd>
	</IMSI>
<IMSI CCMNC="22299">
		<ConfigFileName>Fastweb</ConfigFileName>
		<UserName/>
		<Password/>
		<LoginNumber>*99#</LoginNumber>
		<AutoGetAPN>0</AutoGetAPN>
		<APN>apn.fastweb.it</APN>
		<AutoGetDNS>1</AutoGetDNS>
		<MainDNS/>
		<StandbyDNS/>
		<AutoGetPDP>1</AutoGetPDP>
		<PDPAddress/>
		<PDPType>IP</PDPType>
		<AuthType>PAP</AuthType>
		<AskUserAndPwd>0</AskUserAndPwd>
		<SaveUserAndPwd>0</SaveUserAndPwd>
	</IMSI>
<IMSI CCMNC="22201">
		<ConfigFileName>TIM</ConfigFileName>
		<UserName/>
		<Password/>
		<LoginNumber>*99#</LoginNumber>
		<AutoGetAPN>0</AutoGetAPN>
		<APN>ibox.tim.it</APN>
		<AutoGetDNS>1</AutoGetDNS>
		<MainDNS/>
		<StandbyDNS/>
		<AutoGetPDP>1</AutoGetPDP>
		<PDPAddress/>
		<PDPType>IP</PDPType>
		<AuthType>PAP</AuthType>
		<AskUserAndPwd>0</AskUserAndPwd>
		<SaveUserAndPwd>0</SaveUserAndPwd>
	</IMSI>
<IMSI CCMNC="22610">
		<ConfigFileName>Orange Internet</ConfigFileName>
		<UserName/>
		<Password/>
		<LoginNumber>*99#</LoginNumber>
		<AutoGetAPN>0</AutoGetAPN>
		<APN>net</APN>
		<AutoGetDNS>1</AutoGetDNS>
		<MainDNS/>
		<StandbyDNS/>
		<AutoGetPDP>1</AutoGetPDP>
		<PDPAddress/>
		<PDPType>IP</PDPType>
		<AuthType>CHAP</AuthType>
		<AskUserAndPwd>0</AskUserAndPwd>
		<SaveUserAndPwd>0</SaveUserAndPwd>
	</IMSI>
<IMSI CCMNC="22601">
		<ConfigFileName>Connex</ConfigFileName>
		<UserName>internet.vodafone.ro</UserName>
		<Password>vodafone</Password>
		<LoginNumber>*99#</LoginNumber>
		<AutoGetAPN>0</AutoGetAPN>
		<APN>internet.vodafone.ro</APN>
		<AutoGetDNS>1</AutoGetDNS>
		<MainDNS/>
		<StandbyDNS/>
		<AutoGetPDP>1</AutoGetPDP>
		<PDPAddress/>
		<PDPType>IP</PDPType>
		<AuthType>PAP</AuthType>
		<AskUserAndPwd>0</AskUserAndPwd>
		<SaveUserAndPwd>0</SaveUserAndPwd>
	</IMSI>
<IMSI CCMNC="22605">
		<ConfigFileName>Digi</ConfigFileName>
		<UserName/>
		<Password/>
		<LoginNumber>*99#</LoginNumber>
		<AutoGetAPN>0</AutoGetAPN>
		<APN>internet</APN>
		<AutoGetDNS>1</AutoGetDNS>
		<MainDNS/>
		<StandbyDNS/>
		<AutoGetPDP>1</AutoGetPDP>
		<PDPAddress/>
		<PDPType>IP</PDPType>
		<AuthType>PAP</AuthType>
		<AskUserAndPwd>0</AskUserAndPwd>
		<SaveUserAndPwd>0</SaveUserAndPwd>
	</IMSI>
<IMSI CCMNC="22803">
		<ConfigFileName>Orange SZ</ConfigFileName>
		<UserName/>
		<Password/>
		<LoginNumber>*99#</LoginNumber>
		<AutoGetAPN>0</AutoGetAPN>
		<APN>internet</APN>
		<AutoGetDNS>1</AutoGetDNS>
		<MainDNS/>
		<StandbyDNS/>
		<AutoGetPDP>1</AutoGetPDP>
		<PDPAddress/>
		<PDPType>IP</PDPType>
		<AuthType>PAP</AuthType>
		<AskUserAndPwd>0</AskUserAndPwd>
		<SaveUserAndPwd>0</SaveUserAndPwd>
	</IMSI>
<IMSI CCMNC="22802">
		<ConfigFileName>Sunrise</ConfigFileName>
		<UserName/>
		<Password/>
		<LoginNumber>*99#</LoginNumber>
		<AutoGetAPN>0</AutoGetAPN>
		<APN>internet</APN>
		<AutoGetDNS>1</AutoGetDNS>
		<MainDNS/>
		<StandbyDNS/>
		<AutoGetPDP>1</AutoGetPDP>
		<PDPAddress/>
		<PDPType>IP</PDPType>
		<AuthType>PAP</AuthType>
		<AskUserAndPwd>0</AskUserAndPwd>
		<SaveUserAndPwd>0</SaveUserAndPwd>
	</IMSI>
<IMSI CCMNC="22801">
		<ConfigFileName>Swisscom</ConfigFileName>
		<UserName/>
		<Password/>
		<LoginNumber>*99#</LoginNumber>
		<AutoGetAPN>0</AutoGetAPN>
		<APN>gprs.swisscom.ch</APN>
		<AutoGetDNS>1</AutoGetDNS>
		<MainDNS/>
		<StandbyDNS/>
		<AutoGetPDP>1</AutoGetPDP>
		<PDPAddress/>
		<PDPType>IP</PDPType>
		<AuthType>PAP</AuthType>
		<AskUserAndPwd>0</AskUserAndPwd>
		<SaveUserAndPwd>0</SaveUserAndPwd>
	</IMSI>
<IMSI CCMNC="23002">
		<ConfigFileName>O2</ConfigFileName>
		<UserName/>
		<Password/>
		<LoginNumber>*99#</LoginNumber>
		<AutoGetAPN>0</AutoGetAPN>
		<APN>internet</APN>
		<AutoGetDNS>1</AutoGetDNS>
		<MainDNS/>
		<StandbyDNS/>
		<AutoGetPDP>1</AutoGetPDP>
		<PDPAddress/>
		<PDPType>IP</PDPType>
		<AuthType>PAP</AuthType>
		<AskUserAndPwd>0</AskUserAndPwd>
		<SaveUserAndPwd>0</SaveUserAndPwd>
	</IMSI>
<IMSI CCMNC="23001">
		<ConfigFileName>T-Mobile CZ</ConfigFileName>
		<UserName>wap</UserName>
		<Password>wap</Password>
		<LoginNumber>*99#</LoginNumber>
		<AutoGetAPN>0</AutoGetAPN>
		<APN>internet.t-mobile.cz</APN>
		<AutoGetDNS>1</AutoGetDNS>
		<MainDNS/>
		<StandbyDNS/>
		<AutoGetPDP>1</AutoGetPDP>
		<PDPAddress/>
		<PDPType>IP</PDPType>
		<AuthType>PAP</AuthType>
		<AskUserAndPwd>0</AskUserAndPwd>
		<SaveUserAndPwd>0</SaveUserAndPwd>
	</IMSI>
<IMSI CCMNC="23003">
		<ConfigFileName>Oskar</ConfigFileName>
		<UserName/>
		<Password/>
		<LoginNumber>*99#</LoginNumber>
		<AutoGetAPN>0</AutoGetAPN>
		<APN>internet</APN>
		<AutoGetDNS>1</AutoGetDNS>
		<MainDNS/>
		<StandbyDNS/>
		<AutoGetPDP>1</AutoGetPDP>
		<PDPAddress/>
		<PDPType>IP</PDPType>
		<AuthType>PAP</AuthType>
		<AskUserAndPwd>0</AskUserAndPwd>
		<SaveUserAndPwd>0</SaveUserAndPwd>
	</IMSI>
<IMSI CCMNC="23102">
		<ConfigFileName>T-Mobile SK</ConfigFileName>
		<UserName/>
		<Password/>
		<LoginNumber>*99#</LoginNumber>
		<AutoGetAPN>0</AutoGetAPN>
		<APN>internet</APN>
		<AutoGetDNS>1</AutoGetDNS>
		<MainDNS/>
		<StandbyDNS/>
		<AutoGetPDP>1</AutoGetPDP>
		<PDPAddress/>
		<PDPType>IP</PDPType>
		<AuthType>PAP</AuthType>
		<AskUserAndPwd>0</AskUserAndPwd>
		<SaveUserAndPwd>0</SaveUserAndPwd>
	</IMSI>
<IMSI CCMNC="23101">
		<ConfigFileName>Orange SK</ConfigFileName>
		<UserName/>
		<Password/>
		<LoginNumber>*99#</LoginNumber>
		<AutoGetAPN>0</AutoGetAPN>
		<APN>internet</APN>
		<AutoGetDNS>1</AutoGetDNS>
		<MainDNS/>
		<StandbyDNS/>
		<AutoGetPDP>1</AutoGetPDP>
		<PDPAddress/>
		<PDPType>IP</PDPType>
		<AuthType>PAP</AuthType>
		<AskUserAndPwd>0</AskUserAndPwd>
		<SaveUserAndPwd>0</SaveUserAndPwd>
	</IMSI>
<IMSI CCMNC="23106">
		<ConfigFileName>O2 SK</ConfigFileName>
		<UserName/>
		<Password/>
		<LoginNumber>*99#</LoginNumber>
		<AutoGetAPN>0</AutoGetAPN>
		<APN>O2internet</APN>
		<AutoGetDNS>1</AutoGetDNS>
		<MainDNS/>
		<StandbyDNS/>
		<AutoGetPDP>1</AutoGetPDP>
		<PDPAddress/>
		<PDPType>IP</PDPType>
		<AuthType>PAP</AuthType>
		<AskUserAndPwd>0</AskUserAndPwd>
		<SaveUserAndPwd>0</SaveUserAndPwd>
	</IMSI>
<IMSI CCMNC="23201">
		<ConfigFileName>A1</ConfigFileName>
		<UserName>ppp@a1plus.at</UserName>
		<Password>ppp</Password>
		<LoginNumber>*99#</LoginNumber>
		<AutoGetAPN>0</AutoGetAPN>
		<APN>A1.net</APN>
		<AutoGetDNS>1</AutoGetDNS>
		<MainDNS/>
		<StandbyDNS/>
		<AutoGetPDP>1</AutoGetPDP>
		<PDPAddress/>
		<PDPType>IP</PDPType>
		<AuthType>PAP</AuthType>
		<AskUserAndPwd>0</AskUserAndPwd>
		<SaveUserAndPwd>0</SaveUserAndPwd>
	</IMSI>
<IMSI CCMNC="23203">
		<ConfigFileName>T-Mobile A</ConfigFileName>
		<UserName>t-mobile</UserName>
		<Password>tm</Password>
		<LoginNumber>*99#</LoginNumber>
		<AutoGetAPN>0</AutoGetAPN>
		<APN>gprsinternet</APN>
		<AutoGetDNS>1</AutoGetDNS>
		<MainDNS/>
		<StandbyDNS/>
		<AutoGetPDP>1</AutoGetPDP>
		<PDPAddress/>
		<PDPType>IP</PDPType>
		<AuthType>PAP</AuthType>
		<AskUserAndPwd>0</AskUserAndPwd>
		<SaveUserAndPwd>0</SaveUserAndPwd>
	</IMSI>
<IMSI CCMNC="23205">
		<ConfigFileName>Orange</ConfigFileName>
		<UserName/>
		<Password/>
		<LoginNumber>*99#</LoginNumber>
		<AutoGetAPN>0</AutoGetAPN>
		<APN>fullspeed</APN>
		<AutoGetDNS>1</AutoGetDNS>
		<MainDNS/>
		<StandbyDNS/>
		<AutoGetPDP>1</AutoGetPDP>
		<PDPAddress/>
		<PDPType>IP</PDPType>
		<AuthType>PAP</AuthType>
		<AskUserAndPwd>0</AskUserAndPwd>
		<SaveUserAndPwd>0</SaveUserAndPwd>
	</IMSI>
<IMSI CCMNC="23207">
		<ConfigFileName>tele.ring</ConfigFileName>
		<UserName>web@telering.at</UserName>
		<Password>web</Password>
		<LoginNumber>*99#</LoginNumber>
		<AutoGetAPN>0</AutoGetAPN>
		<APN>web</APN>
		<AutoGetDNS>1</AutoGetDNS>
		<MainDNS/>
		<StandbyDNS/>
		<AutoGetPDP>1</AutoGetPDP>
		<PDPAddress/>
		<PDPType>IP</PDPType>
		<AuthType>PAP</AuthType>
		<AskUserAndPwd>0</AskUserAndPwd>
		<SaveUserAndPwd>0</SaveUserAndPwd>
	</IMSI>
<IMSI CCMNC="23210">
		<ConfigFileName>3-AT</ConfigFileName>
		<UserName/>
		<Password/>
		<LoginNumber>*99#</LoginNumber>
		<AutoGetAPN>0</AutoGetAPN>
		<APN>drei.at</APN>
		<AutoGetDNS>1</AutoGetDNS>
		<MainDNS/>
		<StandbyDNS/>
		<AutoGetPDP>1</AutoGetPDP>
		<PDPAddress/>
		<PDPType>IP</PDPType>
		<AuthType>PAP</AuthType>
		<AskUserAndPwd>0</AskUserAndPwd>
		<SaveUserAndPwd>0</SaveUserAndPwd>
	</IMSI>
<IMSI CCMNC="23450">
		<ConfigFileName>JT Local</ConfigFileName>
		<UserName/>
		<Password/>
		<LoginNumber>*99#</LoginNumber>
		<AutoGetAPN>0</AutoGetAPN>
		<APN>pepper</APN>
		<AutoGetDNS>1</AutoGetDNS>
		<MainDNS/>
		<StandbyDNS/>
		<AutoGetPDP>1</AutoGetPDP>
		<PDPAddress/>
		<PDPType>IP</PDPType>
		<AuthType>PAP</AuthType>
		<AskUserAndPwd>0</AskUserAndPwd>
		<SaveUserAndPwd>0</SaveUserAndPwd>
	</IMSI>
<IMSI CCMNC="23458">
		<ConfigFileName>Manx Pronto</ConfigFileName>
		<UserName>gprs</UserName>
		<Password>gprs</Password>
		<LoginNumber>*99#</LoginNumber>
		<AutoGetAPN>0</AutoGetAPN>
		<APN>web.manxpronto.net</APN>
		<AutoGetDNS>1</AutoGetDNS>
		<MainDNS/>
		<StandbyDNS/>
		<AutoGetPDP>1</AutoGetPDP>
		<PDPAddress/>
		<PDPType>IP</PDPType>
		<AuthType>PAP</AuthType>
		<AskUserAndPwd>0</AskUserAndPwd>
		<SaveUserAndPwd>0</SaveUserAndPwd>
	</IMSI>
<IMSI CCMNC="23410">
		<ConfigFileName>Pay as you go</ConfigFileName>
		<UserName>o2bb</UserName>
		<Password>password</Password>
		<LoginNumber>*99#</LoginNumber>
		<AutoGetAPN>0</AutoGetAPN>
		<APN>m-bb.o2.co.uk</APN>
		<AutoGetDNS>1</AutoGetDNS>
		<MainDNS/>
		<StandbyDNS/>
		<AutoGetPDP>1</AutoGetPDP>
		<PDPAddress/>
		<PDPType>IP</PDPType>
		<AuthType>PAP</AuthType>
		<AskUserAndPwd>0</AskUserAndPwd>
		<SaveUserAndPwd>0</SaveUserAndPwd>
	</IMSI>
<IMSI CCMNC="23410">
		<ConfigFileName>Pay Monthly</ConfigFileName>
		<UserName>o2web</UserName>
		<Password>password</Password>
		<LoginNumber>*99#</LoginNumber>
		<AutoGetAPN>0</AutoGetAPN>
		<APN>mobile.o2.co.uk</APN>
		<AutoGetDNS>1</AutoGetDNS>
		<MainDNS/>
		<StandbyDNS/>
		<AutoGetPDP>1</AutoGetPDP>
		<PDPAddress/>
		<PDPType>IP</PDPType>
		<AuthType>NONE</AuthType>
		<AskUserAndPwd>0</AskUserAndPwd>
		<SaveUserAndPwd>0</SaveUserAndPwd>
	</IMSI>
<IMSI CCMNC="23433">
		<ConfigFileName>Orange UK</ConfigFileName>
		<UserName/>
		<Password/>
		<LoginNumber>*99#</LoginNumber>
		<AutoGetAPN>0</AutoGetAPN>
		<APN>consumerbroadband</APN>
		<AutoGetDNS>1</AutoGetDNS>
		<MainDNS/>
		<StandbyDNS/>
		<AutoGetPDP>1</AutoGetPDP>
		<PDPAddress/>
		<PDPType>IP</PDPType>
		<AuthType>PAP</AuthType>
		<AskUserAndPwd>0</AskUserAndPwd>
		<SaveUserAndPwd>0</SaveUserAndPwd>
	</IMSI>
<IMSI CCMNC="23434">
		<ConfigFileName>Orange UK</ConfigFileName>
		<UserName/>
		<Password/>
		<LoginNumber>*99#</LoginNumber>
		<AutoGetAPN>0</AutoGetAPN>
		<APN>consumerbroadband</APN>
		<AutoGetDNS>1</AutoGetDNS>
		<MainDNS/>
		<StandbyDNS/>
		<AutoGetPDP>1</AutoGetPDP>
		<PDPAddress/>
		<PDPType>IP</PDPType>
		<AuthType>PAP</AuthType>
		<AskUserAndPwd>0</AskUserAndPwd>
		<SaveUserAndPwd>0</SaveUserAndPwd>
	</IMSI>
<IMSI CCMNC="23430">
		<ConfigFileName>T-Mobile</ConfigFileName>
		<UserName>t-mobile</UserName>
		<Password>tm</Password>
		<LoginNumber>*99#</LoginNumber>
		<AutoGetAPN>0</AutoGetAPN>
		<APN>general.t-mobile.uk</APN>
		<AutoGetDNS>1</AutoGetDNS>
		<MainDNS/>
		<StandbyDNS/>
		<AutoGetPDP>1</AutoGetPDP>
		<PDPAddress/>
		<PDPType>IP</PDPType>
		<AuthType>PAP</AuthType>
		<AskUserAndPwd>0</AskUserAndPwd>
		<SaveUserAndPwd>0</SaveUserAndPwd>
	</IMSI>
<IMSI CCMNC="23431">
		<ConfigFileName>T-Mobile</ConfigFileName>
		<UserName>t-mobile</UserName>
		<Password>tm</Password>
		<LoginNumber>*99#</LoginNumber>
		<AutoGetAPN>0</AutoGetAPN>
		<APN>general.t-mobile.uk</APN>
		<AutoGetDNS>1</AutoGetDNS>
		<MainDNS/>
		<StandbyDNS/>
		<AutoGetPDP>1</AutoGetPDP>
		<PDPAddress/>
		<PDPType>IP</PDPType>
		<AuthType>PAP</AuthType>
		<AskUserAndPwd>0</AskUserAndPwd>
		<SaveUserAndPwd>0</SaveUserAndPwd>
	</IMSI>
<IMSI CCMNC="23432">
		<ConfigFileName>T-Mobile</ConfigFileName>
		<UserName>t-mobile</UserName>
		<Password>tm</Password>
		<LoginNumber>*99#</LoginNumber>
		<AutoGetAPN>0</AutoGetAPN>
		<APN>general.t-mobile.uk</APN>
		<AutoGetDNS>1</AutoGetDNS>
		<MainDNS/>
		<StandbyDNS/>
		<AutoGetPDP>1</AutoGetPDP>
		<PDPAddress/>
		<PDPType>IP</PDPType>
		<AuthType>PAP</AuthType>
		<AskUserAndPwd>0</AskUserAndPwd>
		<SaveUserAndPwd>0</SaveUserAndPwd>
	</IMSI>
<IMSI CCMNC="23431">
		<ConfigFileName>Virgin UK 31</ConfigFileName>
		<UserName>user</UserName>
		<Password/>
		<LoginNumber>*99#</LoginNumber>
		<AutoGetAPN>0</AutoGetAPN>
		<APN>goto.virginmobile.uk</APN>
		<AutoGetDNS>1</AutoGetDNS>
		<MainDNS/>
		<StandbyDNS/>
		<AutoGetPDP>1</AutoGetPDP>
		<PDPAddress/>
		<PDPType>IP</PDPType>
		<AuthType>PAP</AuthType>
		<AskUserAndPwd>0</AskUserAndPwd>
		<SaveUserAndPwd>0</SaveUserAndPwd>
	</IMSI>
<IMSI CCMNC="23432">
		<ConfigFileName>Virgin UK 32</ConfigFileName>
		<UserName>user</UserName>
		<Password/>
		<LoginNumber>*99#</LoginNumber>
		<AutoGetAPN>0</AutoGetAPN>
		<APN>goto.virginmobile.uk</APN>
		<AutoGetDNS>1</AutoGetDNS>
		<MainDNS/>
		<StandbyDNS/>
		<AutoGetPDP>1</AutoGetPDP>
		<PDPAddress/>
		<PDPType>IP</PDPType>
		<AuthType>PAP</AuthType>
		<AskUserAndPwd>0</AskUserAndPwd>
		<SaveUserAndPwd>0</SaveUserAndPwd>
	</IMSI>
<IMSI CCMNC="23415">
		<ConfigFileName>BT Mobile</ConfigFileName>
		<UserName>bt</UserName>
		<Password>bt</Password>
		<LoginNumber>*99#</LoginNumber>
		<AutoGetAPN>0</AutoGetAPN>
		<APN>btmobile2.bt.com</APN>
		<AutoGetDNS>1</AutoGetDNS>
		<MainDNS/>
		<StandbyDNS/>
		<AutoGetPDP>1</AutoGetPDP>
		<PDPAddress/>
		<PDPType>IP</PDPType>
		<AuthType>CHAP</AuthType>
		<AskUserAndPwd>0</AskUserAndPwd>
		<SaveUserAndPwd>0</SaveUserAndPwd>
	</IMSI>
<IMSI CCMNC="23415">
		<ConfigFileName>BT Mobile</ConfigFileName>
		<UserName>bt</UserName>
		<Password>bt</Password>
		<LoginNumber>*99#</LoginNumber>
		<AutoGetAPN>0</AutoGetAPN>
		<APN>btmobile.bt.com</APN>
		<AutoGetDNS>1</AutoGetDNS>
		<MainDNS/>
		<StandbyDNS/>
		<AutoGetPDP>1</AutoGetPDP>
		<PDPAddress/>
		<PDPType>IP</PDPType>
		<AuthType>CHAP</AuthType>
		<AskUserAndPwd>0</AskUserAndPwd>
		<SaveUserAndPwd>0</SaveUserAndPwd>
	</IMSI>
<IMSI CCMNC="23415">
		<ConfigFileName>Vodafone UK</ConfigFileName>
		<UserName>web</UserName>
		<Password>web</Password>
		<LoginNumber>*99#</LoginNumber>
		<AutoGetAPN>0</AutoGetAPN>
		<APN>Internet</APN>
		<AutoGetDNS>1</AutoGetDNS>
		<MainDNS/>
		<StandbyDNS/>
		<AutoGetPDP>1</AutoGetPDP>
		<PDPAddress/>
		<PDPType>IP</PDPType>
		<AuthType>PAP</AuthType>
		<AskUserAndPwd>0</AskUserAndPwd>
		<SaveUserAndPwd>0</SaveUserAndPwd>
	</IMSI>
<IMSI CCMNC="23420">
		<ConfigFileName>Three</ConfigFileName>
		<UserName/>
		<Password/>
		<LoginNumber>*99#</LoginNumber>
		<AutoGetAPN>0</AutoGetAPN>
		<APN>3internet</APN>
		<AutoGetDNS>1</AutoGetDNS>
		<MainDNS/>
		<StandbyDNS/>
		<AutoGetPDP>1</AutoGetPDP>
		<PDPAddress/>
		<PDPType>IP</PDPType>
		<AuthType>PAP</AuthType>
		<AskUserAndPwd>0</AskUserAndPwd>
		<SaveUserAndPwd>0</SaveUserAndPwd>
	</IMSI>
<IMSI CCMNC="23801">
		<ConfigFileName>TDC</ConfigFileName>
		<UserName/>
		<Password/>
		<LoginNumber>*99#</LoginNumber>
		<AutoGetAPN>0</AutoGetAPN>
		<APN>internet</APN>
		<AutoGetDNS>1</AutoGetDNS>
		<MainDNS/>
		<StandbyDNS/>
		<AutoGetPDP>1</AutoGetPDP>
		<PDPAddress/>
		<PDPType>IP</PDPType>
		<AuthType>PAP</AuthType>
		<AskUserAndPwd>0</AskUserAndPwd>
		<SaveUserAndPwd>0</SaveUserAndPwd>
	</IMSI>
<IMSI CCMNC="23830">
		<ConfigFileName>Orange DK</ConfigFileName>
		<UserName/>
		<Password/>
		<LoginNumber>*99#</LoginNumber>
		<AutoGetAPN>0</AutoGetAPN>
		<APN>web.orange.dk</APN>
		<AutoGetDNS>1</AutoGetDNS>
		<MainDNS/>
		<StandbyDNS/>
		<AutoGetPDP>1</AutoGetPDP>
		<PDPAddress/>
		<PDPType>IP</PDPType>
		<AuthType>PAP</AuthType>
		<AskUserAndPwd>0</AskUserAndPwd>
		<SaveUserAndPwd>0</SaveUserAndPwd>
	</IMSI>
<IMSI CCMNC="23802">
		<ConfigFileName>Telenor DK</ConfigFileName>
		<UserName/>
		<Password/>
		<LoginNumber>*99#</LoginNumber>
		<AutoGetAPN>0</AutoGetAPN>
		<APN>internet</APN>
		<AutoGetDNS>1</AutoGetDNS>
		<MainDNS/>
		<StandbyDNS/>
		<AutoGetPDP>1</AutoGetPDP>
		<PDPAddress/>
		<PDPType>IP</PDPType>
		<AuthType>PAP</AuthType>
		<AskUserAndPwd>0</AskUserAndPwd>
		<SaveUserAndPwd>0</SaveUserAndPwd>
	</IMSI>
<IMSI CCMNC="23820">
		<ConfigFileName>TeliaDK</ConfigFileName>
		<UserName/>
		<Password/>
		<LoginNumber>*99#</LoginNumber>
		<AutoGetAPN>0</AutoGetAPN>
		<APN>www.internet.mtelia.dk</APN>
		<AutoGetDNS>1</AutoGetDNS>
		<MainDNS/>
		<StandbyDNS/>
		<AutoGetPDP>1</AutoGetPDP>
		<PDPAddress/>
		<PDPType>IP</PDPType>
		<AuthType>PAP</AuthType>
		<AskUserAndPwd>0</AskUserAndPwd>
		<SaveUserAndPwd>0</SaveUserAndPwd>
	</IMSI>
<IMSI CCMNC="23806">
		<ConfigFileName>3 DK</ConfigFileName>
		<UserName/>
		<Password/>
		<LoginNumber>*99#</LoginNumber>
		<AutoGetAPN>0</AutoGetAPN>
		<APN>bredband.tre.dk</APN>
		<AutoGetDNS>1</AutoGetDNS>
		<MainDNS/>
		<StandbyDNS/>
		<AutoGetPDP>1</AutoGetPDP>
		<PDPAddress/>
		<PDPType>IP</PDPType>
		<AuthType>PAP</AuthType>
		<AskUserAndPwd>0</AskUserAndPwd>
		<SaveUserAndPwd>0</SaveUserAndPwd>
	</IMSI>
<IMSI CCMNC="23866">
		<ConfigFileName>Telia-Telenor DK</ConfigFileName>
		<UserName/>
		<Password/>
		<LoginNumber>*99#</LoginNumber>
		<AutoGetAPN>0</AutoGetAPN>
		<APN>internet</APN>
		<AutoGetDNS>1</AutoGetDNS>
		<MainDNS/>
		<StandbyDNS/>
		<AutoGetPDP>1</AutoGetPDP>
		<PDPAddress/>
		<PDPType>IP</PDPType>
		<AuthType>PAP</AuthType>
		<AskUserAndPwd>0</AskUserAndPwd>
		<SaveUserAndPwd>0</SaveUserAndPwd>
	</IMSI>
<IMSI CCMNC="23877">
		<ConfigFileName>Telenor DK</ConfigFileName>
		<UserName/>
		<Password/>
		<LoginNumber>*99#</LoginNumber>
		<AutoGetAPN>0</AutoGetAPN>
		<APN>internet</APN>
		<AutoGetDNS>1</AutoGetDNS>
		<MainDNS/>
		<StandbyDNS/>
		<AutoGetPDP>1</AutoGetPDP>
		<PDPAddress/>
		<PDPType>IP</PDPType>
		<AuthType>PAP</AuthType>
		<AskUserAndPwd>0</AskUserAndPwd>
		<SaveUserAndPwd>0</SaveUserAndPwd>
	</IMSI>
<IMSI CCMNC="23820">
		<ConfigFileName>Siminn DK</ConfigFileName>
		<UserName/>
		<Password/>
		<LoginNumber>*99#</LoginNumber>
		<AutoGetAPN>0</AutoGetAPN>
		<APN>websp</APN>
		<AutoGetDNS>1</AutoGetDNS>
		<MainDNS/>
		<StandbyDNS/>
		<AutoGetPDP>1</AutoGetPDP>
		<PDPAddress/>
		<PDPType>IP</PDPType>
		<AuthType>PAP</AuthType>
		<AskUserAndPwd>0</AskUserAndPwd>
		<SaveUserAndPwd>0</SaveUserAndPwd>
	</IMSI>
<IMSI CCMNC="23801">
		<ConfigFileName>Siminn</ConfigFileName>
		<UserName/>
		<Password/>
		<LoginNumber>*99#</LoginNumber>
		<AutoGetAPN>0</AutoGetAPN>
		<APN>internet</APN>
		<AutoGetDNS>1</AutoGetDNS>
		<MainDNS/>
		<StandbyDNS/>
		<AutoGetPDP>1</AutoGetPDP>
		<PDPAddress/>
		<PDPType>IP</PDPType>
		<AuthType>PAP</AuthType>
		<AskUserAndPwd>0</AskUserAndPwd>
		<SaveUserAndPwd>0</SaveUserAndPwd>
	</IMSI>
<IMSI CCMNC="24001">
		<ConfigFileName>Telia</ConfigFileName>
		<UserName/>
		<Password/>
		<LoginNumber>*99#</LoginNumber>
		<AutoGetAPN>0</AutoGetAPN>
		<APN>online.telia.se</APN>
		<AutoGetDNS>1</AutoGetDNS>
		<MainDNS/>
		<StandbyDNS/>
		<AutoGetPDP>1</AutoGetPDP>
		<PDPAddress/>
		<PDPType>IP</PDPType>
		<AuthType>PAP</AuthType>
		<AskUserAndPwd>0</AskUserAndPwd>
		<SaveUserAndPwd>0</SaveUserAndPwd>
	</IMSI>
<IMSI CCMNC="24001">
		<ConfigFileName>Halebop internet</ConfigFileName>
		<UserName/>
		<Password/>
		<LoginNumber>*99#</LoginNumber>
		<AutoGetAPN>0</AutoGetAPN>
		<APN>online.telia.se</APN>
		<AutoGetDNS>1</AutoGetDNS>
		<MainDNS/>
		<StandbyDNS/>
		<AutoGetPDP>1</AutoGetPDP>
		<PDPAddress/>
		<PDPType>IP</PDPType>
		<AuthType>PAP</AuthType>
		<AskUserAndPwd>0</AskUserAndPwd>
		<SaveUserAndPwd>0</SaveUserAndPwd>
	</IMSI>
<IMSI CCMNC="24008">
		<ConfigFileName>Telenor</ConfigFileName>
		<UserName/>
		<Password/>
		<LoginNumber>*99#</LoginNumber>
		<AutoGetAPN>0</AutoGetAPN>
		<APN>internet.telenor.se</APN>
		<AutoGetDNS>1</AutoGetDNS>
		<MainDNS/>
		<StandbyDNS/>
		<AutoGetPDP>1</AutoGetPDP>
		<PDPAddress/>
		<PDPType>IP</PDPType>
		<AuthType>PAP</AuthType>
		<AskUserAndPwd>0</AskUserAndPwd>
		<SaveUserAndPwd>0</SaveUserAndPwd>
	</IMSI>
<IMSI CCMNC="24002">
		<ConfigFileName>3 SE</ConfigFileName>
		<UserName/>
		<Password/>
		<LoginNumber>*99#</LoginNumber>
		<AutoGetAPN>0</AutoGetAPN>
		<APN>bredband.tre.se</APN>
		<AutoGetDNS>1</AutoGetDNS>
		<MainDNS/>
		<StandbyDNS/>
		<AutoGetPDP>1</AutoGetPDP>
		<PDPAddress/>
		<PDPType>IP</PDPType>
		<AuthType>PAP</AuthType>
		<AskUserAndPwd>0</AskUserAndPwd>
		<SaveUserAndPwd>0</SaveUserAndPwd>
	</IMSI>
<IMSI CCMNC="24007">
		<ConfigFileName>Tele2 Sweden</ConfigFileName>
		<UserName/>
		<Password/>
		<LoginNumber>*99#</LoginNumber>
		<AutoGetAPN>0</AutoGetAPN>
		<APN>4g.tele2.se</APN>
		<AutoGetDNS>1</AutoGetDNS>
		<MainDNS/>
		<StandbyDNS/>
		<AutoGetPDP>1</AutoGetPDP>
		<PDPAddress/>
		<PDPType>IP</PDPType>
		<AuthType>CHAP</AuthType>
		<AskUserAndPwd>0</AskUserAndPwd>
		<SaveUserAndPwd>0</SaveUserAndPwd>
	</IMSI>
<IMSI CCMNC="240077">
		<ConfigFileName>Comviq</ConfigFileName>
		<UserName/>
		<Password/>
		<LoginNumber>*99#</LoginNumber>
		<AutoGetAPN>0</AutoGetAPN>
		<APN>4g.comviq.se</APN>
		<AutoGetDNS>1</AutoGetDNS>
		<MainDNS/>
		<StandbyDNS/>
		<AutoGetPDP>1</AutoGetPDP>
		<PDPAddress/>
		<PDPType>IP</PDPType>
		<AuthType>CHAP</AuthType>
		<AskUserAndPwd>0</AskUserAndPwd>
		<SaveUserAndPwd>0</SaveUserAndPwd>
	</IMSI>
<IMSI CCMNC="240078">
		<ConfigFileName>Comviq</ConfigFileName>
		<UserName/>
		<Password/>
		<LoginNumber>*99#</LoginNumber>
		<AutoGetAPN>0</AutoGetAPN>
		<APN>4g.comviq.se</APN>
		<AutoGetDNS>1</AutoGetDNS>
		<MainDNS/>
		<StandbyDNS/>
		<AutoGetPDP>1</AutoGetPDP>
		<PDPAddress/>
		<PDPType>IP</PDPType>
		<AuthType>CHAP</AuthType>
		<AskUserAndPwd>0</AskUserAndPwd>
		<SaveUserAndPwd>0</SaveUserAndPwd>
	</IMSI>
<IMSI CCMNC="240079">
		<ConfigFileName>Comviq</ConfigFileName>
		<UserName/>
		<Password/>
		<LoginNumber>*99#</LoginNumber>
		<AutoGetAPN>0</AutoGetAPN>
		<APN>4g.comviq.se</APN>
		<AutoGetDNS>1</AutoGetDNS>
		<MainDNS/>
		<StandbyDNS/>
		<AutoGetPDP>1</AutoGetPDP>
		<PDPAddress/>
		<PDPType>IP</PDPType>
		<AuthType>CHAP</AuthType>
		<AskUserAndPwd>0</AskUserAndPwd>
		<SaveUserAndPwd>0</SaveUserAndPwd>
	</IMSI>
<IMSI CCMNC="24004">
		<ConfigFileName>Telenor SE</ConfigFileName>
		<UserName/>
		<Password/>
		<LoginNumber>*99#</LoginNumber>
		<AutoGetAPN>0</AutoGetAPN>
		<APN>internet.telenor.se</APN>
		<AutoGetDNS>1</AutoGetDNS>
		<MainDNS/>
		<StandbyDNS/>
		<AutoGetPDP>1</AutoGetPDP>
		<PDPAddress/>
		<PDPType>IP</PDPType>
		<AuthType>PAP</AuthType>
		<AskUserAndPwd>0</AskUserAndPwd>
		<SaveUserAndPwd>0</SaveUserAndPwd>
	</IMSI>
<IMSI CCMNC="24006">
		<ConfigFileName>Telenor SE</ConfigFileName>
		<UserName/>
		<Password/>
		<LoginNumber>*99#</LoginNumber>
		<AutoGetAPN>0</AutoGetAPN>
		<APN>internet.telenor.se</APN>
		<AutoGetDNS>1</AutoGetDNS>
		<MainDNS/>
		<StandbyDNS/>
		<AutoGetPDP>1</AutoGetPDP>
		<PDPAddress/>
		<PDPType>IP</PDPType>
		<AuthType>PAP</AuthType>
		<AskUserAndPwd>0</AskUserAndPwd>
		<SaveUserAndPwd>0</SaveUserAndPwd>
	</IMSI>
<IMSI CCMNC="24024">
		<ConfigFileName>Telenor SE</ConfigFileName>
		<UserName/>
		<Password/>
		<LoginNumber>*99#</LoginNumber>
		<AutoGetAPN>0</AutoGetAPN>
		<APN>internet.telenor.se</APN>
		<AutoGetDNS>1</AutoGetDNS>
		<MainDNS/>
		<StandbyDNS/>
		<AutoGetPDP>1</AutoGetPDP>
		<PDPAddress/>
		<PDPType>IP</PDPType>
		<AuthType>PAP</AuthType>
		<AskUserAndPwd>0</AskUserAndPwd>
		<SaveUserAndPwd>0</SaveUserAndPwd>
	</IMSI>
<IMSI CCMNC="24202">
		<ConfigFileName>NetCom</ConfigFileName>
		<UserName/>
		<Password/>
		<LoginNumber>*99#</LoginNumber>
		<AutoGetAPN>0</AutoGetAPN>
		<APN>internet.netcom.no</APN>
		<AutoGetDNS>1</AutoGetDNS>
		<MainDNS/>
		<StandbyDNS/>
		<AutoGetPDP>1</AutoGetPDP>
		<PDPAddress/>
		<PDPType>IP</PDPType>
		<AuthType>PAP</AuthType>
		<AskUserAndPwd>0</AskUserAndPwd>
		<SaveUserAndPwd>0</SaveUserAndPwd>
	</IMSI>
<IMSI CCMNC="24205">
		<ConfigFileName>Tele2 NO</ConfigFileName>
		<UserName>wap</UserName>
		<Password>wap</Password>
		<LoginNumber>*99#</LoginNumber>
		<AutoGetAPN>0</AutoGetAPN>
		<APN>internet.tele2.no</APN>
		<AutoGetDNS>1</AutoGetDNS>
		<MainDNS/>
		<StandbyDNS/>
		<AutoGetPDP>1</AutoGetPDP>
		<PDPAddress/>
		<PDPType>IP</PDPType>
		<AuthType>PAP</AuthType>
		<AskUserAndPwd>0</AskUserAndPwd>
		<SaveUserAndPwd>0</SaveUserAndPwd>
	</IMSI>
<IMSI CCMNC="24203">
		<ConfigFileName>Teletopia</ConfigFileName>
		<UserName/>
		<Password/>
		<LoginNumber>*99#</LoginNumber>
		<AutoGetAPN>0</AutoGetAPN>
		<APN>www.teletopia.no</APN>
		<AutoGetDNS>1</AutoGetDNS>
		<MainDNS/>
		<StandbyDNS/>
		<AutoGetPDP>1</AutoGetPDP>
		<PDPAddress/>
		<PDPType>IP</PDPType>
		<AuthType>PAP</AuthType>
		<AskUserAndPwd>0</AskUserAndPwd>
		<SaveUserAndPwd>0</SaveUserAndPwd>
	</IMSI>
<IMSI CCMNC="24202">
		<ConfigFileName>Chess Internett</ConfigFileName>
		<UserName/>
		<Password/>
		<LoginNumber>*99#</LoginNumber>
		<AutoGetAPN>0</AutoGetAPN>
		<APN>internet.netcom.no</APN>
		<AutoGetDNS>1</AutoGetDNS>
		<MainDNS/>
		<StandbyDNS/>
		<AutoGetPDP>1</AutoGetPDP>
		<PDPAddress/>
		<PDPType>IP</PDPType>
		<AuthType>PAP</AuthType>
		<AskUserAndPwd>0</AskUserAndPwd>
		<SaveUserAndPwd>0</SaveUserAndPwd>
	</IMSI>
<IMSI CCMNC="24201">
		<ConfigFileName>Telenor NO</ConfigFileName>
		<UserName/>
		<Password/>
		<LoginNumber>*99#</LoginNumber>
		<AutoGetAPN>0</AutoGetAPN>
		<APN>telenor.mbb</APN>
		<AutoGetDNS>1</AutoGetDNS>
		<MainDNS/>
		<StandbyDNS/>
		<AutoGetPDP>1</AutoGetPDP>
		<PDPAddress/>
		<PDPType>IP</PDPType>
		<AuthType>PAP</AuthType>
		<AskUserAndPwd>0</AskUserAndPwd>
		<SaveUserAndPwd>0</SaveUserAndPwd>
	</IMSI>
<IMSI CCMNC="24201">
		<ConfigFileName>Ventelo</ConfigFileName>
		<UserName/>
		<Password/>
		<LoginNumber>*99#</LoginNumber>
		<AutoGetAPN>0</AutoGetAPN>
		<APN>internet.ventelo.no</APN>
		<AutoGetDNS>1</AutoGetDNS>
		<MainDNS/>
		<StandbyDNS/>
		<AutoGetPDP>1</AutoGetPDP>
		<PDPAddress/>
		<PDPType>IP</PDPType>
		<AuthType>PAP</AuthType>
		<AskUserAndPwd>0</AskUserAndPwd>
		<SaveUserAndPwd>0</SaveUserAndPwd>
	</IMSI>
<IMSI CCMNC="24202">
		<ConfigFileName>Telio</ConfigFileName>
		<UserName/>
		<Password/>
		<LoginNumber>*99#</LoginNumber>
		<AutoGetAPN>0</AutoGetAPN>
		<APN>internet.netcom.no</APN>
		<AutoGetDNS>1</AutoGetDNS>
		<MainDNS/>
		<StandbyDNS/>
		<AutoGetPDP>1</AutoGetPDP>
		<PDPAddress/>
		<PDPType>IP</PDPType>
		<AuthType>PAP</AuthType>
		<AskUserAndPwd>0</AskUserAndPwd>
		<SaveUserAndPwd>0</SaveUserAndPwd>
	</IMSI>
<IMSI CCMNC="24205">
		<ConfigFileName>NWN internet</ConfigFileName>
		<UserName/>
		<Password/>
		<LoginNumber>*99#</LoginNumber>
		<AutoGetAPN>0</AutoGetAPN>
		<APN>internet</APN>
		<AutoGetDNS>1</AutoGetDNS>
		<MainDNS/>
		<StandbyDNS/>
		<AutoGetPDP>1</AutoGetPDP>
		<PDPAddress/>
		<PDPType>IP</PDPType>
		<AuthType>PAP</AuthType>
		<AskUserAndPwd>0</AskUserAndPwd>
		<SaveUserAndPwd>0</SaveUserAndPwd>
	</IMSI>
<IMSI CCMNC="24205">
		<ConfigFileName>OneCall</ConfigFileName>
		<UserName/>
		<Password/>
		<LoginNumber>*99#</LoginNumber>
		<AutoGetAPN>0</AutoGetAPN>
		<APN>internet</APN>
		<AutoGetDNS>1</AutoGetDNS>
		<MainDNS/>
		<StandbyDNS/>
		<AutoGetPDP>1</AutoGetPDP>
		<PDPAddress/>
		<PDPType>IP</PDPType>
		<AuthType>PAP</AuthType>
		<AskUserAndPwd>0</AskUserAndPwd>
		<SaveUserAndPwd>0</SaveUserAndPwd>
	</IMSI>
<IMSI CCMNC="24405">
		<ConfigFileName>Elisa</ConfigFileName>
		<UserName/>
		<Password/>
		<LoginNumber>*99#</LoginNumber>
		<AutoGetAPN>0</AutoGetAPN>
		<APN>internet</APN>
		<AutoGetDNS>1</AutoGetDNS>
		<MainDNS/>
		<StandbyDNS/>
		<AutoGetPDP>1</AutoGetPDP>
		<PDPAddress/>
		<PDPType>IP</PDPType>
		<AuthType>PAP</AuthType>
		<AskUserAndPwd>0</AskUserAndPwd>
		<SaveUserAndPwd>0</SaveUserAndPwd>
	</IMSI>
<IMSI CCMNC="24491">
		<ConfigFileName>Sonera</ConfigFileName>
		<UserName/>
		<Password/>
		<LoginNumber>*99#</LoginNumber>
		<AutoGetAPN>0</AutoGetAPN>
		<APN>internet</APN>
		<AutoGetDNS>1</AutoGetDNS>
		<MainDNS/>
		<StandbyDNS/>
		<AutoGetPDP>1</AutoGetPDP>
		<PDPAddress/>
		<PDPType>IP</PDPType>
		<AuthType>PAP</AuthType>
		<AskUserAndPwd>0</AskUserAndPwd>
		<SaveUserAndPwd>0</SaveUserAndPwd>
	</IMSI>
<IMSI CCMNC="24412">
		<ConfigFileName>DNA</ConfigFileName>
		<UserName/>
		<Password/>
		<LoginNumber>*99#</LoginNumber>
		<AutoGetAPN>0</AutoGetAPN>
		<APN>data.dna.fi</APN>
		<AutoGetDNS>1</AutoGetDNS>
		<MainDNS/>
		<StandbyDNS/>
		<AutoGetPDP>1</AutoGetPDP>
		<PDPAddress/>
		<PDPType>IP</PDPType>
		<AuthType>PAP</AuthType>
		<AskUserAndPwd>0</AskUserAndPwd>
		<SaveUserAndPwd>0</SaveUserAndPwd>
	</IMSI>
<IMSI CCMNC="24421">
		<ConfigFileName>Saunalahti</ConfigFileName>
		<UserName/>
		<Password/>
		<LoginNumber>*99#</LoginNumber>
		<AutoGetAPN>0</AutoGetAPN>
		<APN>internet.saunalahti</APN>
		<AutoGetDNS>1</AutoGetDNS>
		<MainDNS/>
		<StandbyDNS/>
		<AutoGetPDP>1</AutoGetPDP>
		<PDPAddress/>
		<PDPType>IP</PDPType>
		<AuthType>PAP</AuthType>
		<AskUserAndPwd>0</AskUserAndPwd>
		<SaveUserAndPwd>0</SaveUserAndPwd>
	</IMSI>
<IMSI CCMNC="24602">
		<ConfigFileName>Bite</ConfigFileName>
		<UserName/>
		<Password/>
		<LoginNumber>*99#</LoginNumber>
		<AutoGetAPN>0</AutoGetAPN>
		<APN>banga</APN>
		<AutoGetDNS>1</AutoGetDNS>
		<MainDNS/>
		<StandbyDNS/>
		<AutoGetPDP>1</AutoGetPDP>
		<PDPAddress/>
		<PDPType>IP</PDPType>
		<AuthType>PAP</AuthType>
		<AskUserAndPwd>0</AskUserAndPwd>
		<SaveUserAndPwd>0</SaveUserAndPwd>
	</IMSI>
<IMSI CCMNC="24601">
		<ConfigFileName>Omnitel</ConfigFileName>
		<UserName>omni</UserName>
		<Password>omni</Password>
		<LoginNumber>*99#</LoginNumber>
		<AutoGetAPN>0</AutoGetAPN>
		<APN>omnitel</APN>
		<AutoGetDNS>1</AutoGetDNS>
		<MainDNS/>
		<StandbyDNS/>
		<AutoGetPDP>1</AutoGetPDP>
		<PDPAddress/>
		<PDPType>IP</PDPType>
		<AuthType>PAP</AuthType>
		<AskUserAndPwd>0</AskUserAndPwd>
		<SaveUserAndPwd>0</SaveUserAndPwd>
	</IMSI>
<IMSI CCMNC="24603">
		<ConfigFileName>Tele2 LT</ConfigFileName>
		<UserName/>
		<Password/>
		<LoginNumber>*99#</LoginNumber>
		<AutoGetAPN>0</AutoGetAPN>
		<APN>internet.tele2.lt</APN>
		<AutoGetDNS>1</AutoGetDNS>
		<MainDNS/>
		<StandbyDNS/>
		<AutoGetPDP>1</AutoGetPDP>
		<PDPAddress/>
		<PDPType>IP</PDPType>
		<AuthType>PAP</AuthType>
		<AskUserAndPwd>0</AskUserAndPwd>
		<SaveUserAndPwd>0</SaveUserAndPwd>
	</IMSI>
<IMSI CCMNC="24701">
		<ConfigFileName>LMT</ConfigFileName>
		<UserName>lmt</UserName>
		<Password>lmt</Password>
		<LoginNumber>*99#</LoginNumber>
		<AutoGetAPN>0</AutoGetAPN>
		<APN>internet.lmt.lv</APN>
		<AutoGetDNS>1</AutoGetDNS>
		<MainDNS/>
		<StandbyDNS/>
		<AutoGetPDP>1</AutoGetPDP>
		<PDPAddress/>
		<PDPType>IP</PDPType>
		<AuthType>PAP</AuthType>
		<AskUserAndPwd>0</AskUserAndPwd>
		<SaveUserAndPwd>0</SaveUserAndPwd>
	</IMSI>
<IMSI CCMNC="24702">
		<ConfigFileName>Tele2 LV</ConfigFileName>
		<UserName/>
		<Password/>
		<LoginNumber>*99#</LoginNumber>
		<AutoGetAPN>0</AutoGetAPN>
		<APN>internet.tele2.lv</APN>
		<AutoGetDNS>1</AutoGetDNS>
		<MainDNS/>
		<StandbyDNS/>
		<AutoGetPDP>1</AutoGetPDP>
		<PDPAddress/>
		<PDPType>IP</PDPType>
		<AuthType>PAP</AuthType>
		<AskUserAndPwd>0</AskUserAndPwd>
		<SaveUserAndPwd>0</SaveUserAndPwd>
	</IMSI>
<IMSI CCMNC="24801">
		<ConfigFileName>EMT</ConfigFileName>
		<UserName/>
		<Password/>
		<LoginNumber>*99#</LoginNumber>
		<AutoGetAPN>0</AutoGetAPN>
		<APN>internet.emt.ee</APN>
		<AutoGetDNS>1</AutoGetDNS>
		<MainDNS/>
		<StandbyDNS/>
		<AutoGetPDP>1</AutoGetPDP>
		<PDPAddress/>
		<PDPType>IP</PDPType>
		<AuthType>CHAP</AuthType>
		<AskUserAndPwd>0</AskUserAndPwd>
		<SaveUserAndPwd>0</SaveUserAndPwd>
	</IMSI>
<IMSI CCMNC="24802">
		<ConfigFileName>RLE</ConfigFileName>
		<UserName/>
		<Password/>
		<LoginNumber>*99#</LoginNumber>
		<AutoGetAPN>0</AutoGetAPN>
		<APN>internet</APN>
		<AutoGetDNS>1</AutoGetDNS>
		<MainDNS/>
		<StandbyDNS/>
		<AutoGetPDP>1</AutoGetPDP>
		<PDPAddress/>
		<PDPType>IP</PDPType>
		<AuthType>PAP</AuthType>
		<AskUserAndPwd>0</AskUserAndPwd>
		<SaveUserAndPwd>0</SaveUserAndPwd>
	</IMSI>
<IMSI CCMNC="24803">
		<ConfigFileName>Tele2 EE</ConfigFileName>
		<UserName>wap</UserName>
		<Password>wap</Password>
		<LoginNumber>*99#</LoginNumber>
		<AutoGetAPN>0</AutoGetAPN>
		<APN>internet.tele2.ee</APN>
		<AutoGetDNS>1</AutoGetDNS>
		<MainDNS/>
		<StandbyDNS/>
		<AutoGetPDP>1</AutoGetPDP>
		<PDPAddress/>
		<PDPType>IP</PDPType>
		<AuthType>PAP</AuthType>
		<AskUserAndPwd>0</AskUserAndPwd>
		<SaveUserAndPwd>0</SaveUserAndPwd>
	</IMSI>
<IMSI CCMNC="25099">
		<ConfigFileName>Beeline</ConfigFileName>
		<UserName>beeline</UserName>
		<Password>beeline</Password>
		<LoginNumber>*99#</LoginNumber>
		<AutoGetAPN>0</AutoGetAPN>
		<APN>internet.beeline.ru</APN>
		<AutoGetDNS>1</AutoGetDNS>
		<MainDNS/>
		<StandbyDNS/>
		<AutoGetPDP>1</AutoGetPDP>
		<PDPAddress/>
		<PDPType>IP</PDPType>
		<AuthType>PAP</AuthType>
		<AskUserAndPwd>0</AskUserAndPwd>
		<SaveUserAndPwd>0</SaveUserAndPwd>
	</IMSI>
<IMSI CCMNC="25028">
		<ConfigFileName>Extel</ConfigFileName>
		<UserName>beeline</UserName>
		<Password>beeline</Password>
		<LoginNumber>*99#</LoginNumber>
		<AutoGetAPN>0</AutoGetAPN>
		<APN>internet.beeline.ru</APN>
		<AutoGetDNS>1</AutoGetDNS>
		<MainDNS/>
		<StandbyDNS/>
		<AutoGetPDP>1</AutoGetPDP>
		<PDPAddress/>
		<PDPType>IP</PDPType>
		<AuthType>PAP</AuthType>
		<AskUserAndPwd>0</AskUserAndPwd>
		<SaveUserAndPwd>0</SaveUserAndPwd>
	</IMSI>
<IMSI CCMNC="25002">
		<ConfigFileName>Megafon</ConfigFileName>
		<UserName/>
		<Password/>
		<LoginNumber>*99#</LoginNumber>
		<AutoGetAPN>0</AutoGetAPN>
		<APN>internet.msk</APN>
		<AutoGetDNS>1</AutoGetDNS>
		<MainDNS/>
		<StandbyDNS/>
		<AutoGetPDP>1</AutoGetPDP>
		<PDPAddress/>
		<PDPType>IP</PDPType>
		<AuthType>PAP</AuthType>
		<AskUserAndPwd>0</AskUserAndPwd>
		<SaveUserAndPwd>0</SaveUserAndPwd>
	</IMSI>
<IMSI CCMNC="25001">
		<ConfigFileName>MTS</ConfigFileName>
		<UserName>mts</UserName>
		<Password>mts</Password>
		<LoginNumber>*99#</LoginNumber>
		<AutoGetAPN>0</AutoGetAPN>
		<APN>internet.mts.ru</APN>
		<AutoGetDNS>1</AutoGetDNS>
		<MainDNS/>
		<StandbyDNS/>
		<AutoGetPDP>1</AutoGetPDP>
		<PDPAddress/>
		<PDPType>IP</PDPType>
		<AuthType>PAP</AuthType>
		<AskUserAndPwd>0</AskUserAndPwd>
		<SaveUserAndPwd>0</SaveUserAndPwd>
	</IMSI>
<IMSI CCMNC="25092">
		<ConfigFileName>Primtel</ConfigFileName>
		<UserName/>
		<Password/>
		<LoginNumber>*99#</LoginNumber>
		<AutoGetAPN>0</AutoGetAPN>
		<APN>internet.primtel.ru</APN>
		<AutoGetDNS>1</AutoGetDNS>
		<MainDNS/>
		<StandbyDNS/>
		<AutoGetPDP>1</AutoGetPDP>
		<PDPAddress/>
		<PDPType>IP</PDPType>
		<AuthType>PAP</AuthType>
		<AskUserAndPwd>0</AskUserAndPwd>
		<SaveUserAndPwd>0</SaveUserAndPwd>
	</IMSI>
<IMSI CCMNC="25503">
		<ConfigFileName>Kyivstar</ConfigFileName>
		<UserName>igprs</UserName>
		<Password>internet</Password>
		<LoginNumber>*99#</LoginNumber>
		<AutoGetAPN>0</AutoGetAPN>
		<APN>www.kyivstar.net</APN>
		<AutoGetDNS>1</AutoGetDNS>
		<MainDNS/>
		<StandbyDNS/>
		<AutoGetPDP>1</AutoGetPDP>
		<PDPAddress/>
		<PDPType>IP</PDPType>
		<AuthType>PAP</AuthType>
		<AskUserAndPwd>0</AskUserAndPwd>
		<SaveUserAndPwd>0</SaveUserAndPwd>
	</IMSI>
<IMSI CCMNC="25501">
		<ConfigFileName>UMC</ConfigFileName>
		<UserName/>
		<Password/>
		<LoginNumber>*99#</LoginNumber>
		<AutoGetAPN>0</AutoGetAPN>
		<APN>www.umc.ua</APN>
		<AutoGetDNS>1</AutoGetDNS>
		<MainDNS/>
		<StandbyDNS/>
		<AutoGetPDP>1</AutoGetPDP>
		<PDPAddress/>
		<PDPType>IP</PDPType>
		<AuthType>PAP</AuthType>
		<AskUserAndPwd>0</AskUserAndPwd>
		<SaveUserAndPwd>0</SaveUserAndPwd>
	</IMSI>
<IMSI CCMNC="25701">
		<ConfigFileName>Velcom</ConfigFileName>
		<UserName>web</UserName>
		<Password>web</Password>
		<LoginNumber>*99#</LoginNumber>
		<AutoGetAPN>0</AutoGetAPN>
		<APN>web.velcom.by</APN>
		<AutoGetDNS>1</AutoGetDNS>
		<MainDNS/>
		<StandbyDNS/>
		<AutoGetPDP>1</AutoGetPDP>
		<PDPAddress/>
		<PDPType>IP</PDPType>
		<AuthType>PAP</AuthType>
		<AskUserAndPwd>0</AskUserAndPwd>
		<SaveUserAndPwd>0</SaveUserAndPwd>
	</IMSI>
<IMSI CCMNC="26002">
		<ConfigFileName>Era</ConfigFileName>
		<UserName>erainternet</UserName>
		<Password>erainternet</Password>
		<LoginNumber>*99#</LoginNumber>
		<AutoGetAPN>0</AutoGetAPN>
		<APN>erainternet</APN>
		<AutoGetDNS>1</AutoGetDNS>
		<MainDNS/>
		<StandbyDNS/>
		<AutoGetPDP>1</AutoGetPDP>
		<PDPAddress/>
		<PDPType>IP</PDPType>
		<AuthType>PAP</AuthType>
		<AskUserAndPwd>0</AskUserAndPwd>
		<SaveUserAndPwd>0</SaveUserAndPwd>
	</IMSI>
<IMSI CCMNC="26003">
		<ConfigFileName>Orange Internet</ConfigFileName>
		<UserName>internet</UserName>
		<Password>internet</Password>
		<LoginNumber>*99#</LoginNumber>
		<AutoGetAPN>0</AutoGetAPN>
		<APN>internet</APN>
		<AutoGetDNS>1</AutoGetDNS>
		<MainDNS/>
		<StandbyDNS/>
		<AutoGetPDP>1</AutoGetPDP>
		<PDPAddress/>
		<PDPType>IP</PDPType>
		<AuthType>PAP</AuthType>
		<AskUserAndPwd>0</AskUserAndPwd>
		<SaveUserAndPwd>0</SaveUserAndPwd>
	</IMSI>
<IMSI CCMNC="26001">
		<ConfigFileName>Plus</ConfigFileName>
		<UserName/>
		<Password/>
		<LoginNumber>*99#</LoginNumber>
		<AutoGetAPN>0</AutoGetAPN>
		<APN>www.plusgsm.pl</APN>
		<AutoGetDNS>1</AutoGetDNS>
		<MainDNS/>
		<StandbyDNS/>
		<AutoGetPDP>1</AutoGetPDP>
		<PDPAddress/>
		<PDPType>IP</PDPType>
		<AuthType>PAP</AuthType>
		<AskUserAndPwd>0</AskUserAndPwd>
		<SaveUserAndPwd>0</SaveUserAndPwd>
	</IMSI>
<IMSI CCMNC="26001">
		<ConfigFileName>Plus</ConfigFileName>
		<UserName/>
		<Password/>
		<LoginNumber>*99#</LoginNumber>
		<AutoGetAPN>0</AutoGetAPN>
		<APN>internet</APN>
		<AutoGetDNS>1</AutoGetDNS>
		<MainDNS/>
		<StandbyDNS/>
		<AutoGetPDP>1</AutoGetPDP>
		<PDPAddress/>
		<PDPType>IP</PDPType>
		<AuthType>PAP</AuthType>
		<AskUserAndPwd>0</AskUserAndPwd>
		<SaveUserAndPwd>0</SaveUserAndPwd>
	</IMSI>
<IMSI CCMNC="26203">
		<ConfigFileName>E-Plus</ConfigFileName>
		<UserName>none</UserName>
		<Password>none</Password>
		<LoginNumber>*99#</LoginNumber>
		<AutoGetAPN>0</AutoGetAPN>
		<APN>internet.eplus.de</APN>
		<AutoGetDNS>1</AutoGetDNS>
		<MainDNS/>
		<StandbyDNS/>
		<AutoGetPDP>1</AutoGetPDP>
		<PDPAddress/>
		<PDPType>IP</PDPType>
		<AuthType>PAP</AuthType>
		<AskUserAndPwd>0</AskUserAndPwd>
		<SaveUserAndPwd>0</SaveUserAndPwd>
	</IMSI>
<IMSI CCMNC="26207">
		<ConfigFileName>o2 Internet</ConfigFileName>
		<UserName/>
		<Password/>
		<LoginNumber>*99#</LoginNumber>
		<AutoGetAPN>0</AutoGetAPN>
		<APN>internet</APN>
		<AutoGetDNS>1</AutoGetDNS>
		<MainDNS/>
		<StandbyDNS/>
		<AutoGetPDP>1</AutoGetPDP>
		<PDPAddress/>
		<PDPType>IP</PDPType>
		<AuthType>PAP</AuthType>
		<AskUserAndPwd>0</AskUserAndPwd>
		<SaveUserAndPwd>0</SaveUserAndPwd>
	</IMSI>
<IMSI CCMNC="26201">
		<ConfigFileName>Telekom.de</ConfigFileName>
		<UserName>t-mobile</UserName>
		<Password>tm</Password>
		<LoginNumber>*99#</LoginNumber>
		<AutoGetAPN>0</AutoGetAPN>
		<APN>internet.t-mobile</APN>
		<AutoGetDNS>1</AutoGetDNS>
		<MainDNS/>
		<StandbyDNS/>
		<AutoGetPDP>1</AutoGetPDP>
		<PDPAddress/>
		<PDPType>IP</PDPType>
		<AuthType>PAP</AuthType>
		<AskUserAndPwd>0</AskUserAndPwd>
		<SaveUserAndPwd>0</SaveUserAndPwd>
	</IMSI>
<IMSI CCMNC="26202">
		<ConfigFileName>Vodafone DE</ConfigFileName>
		<UserName/>
		<Password/>
		<LoginNumber>*99#</LoginNumber>
		<AutoGetAPN>0</AutoGetAPN>
		<APN>web.vodafone.de</APN>
		<AutoGetDNS>1</AutoGetDNS>
		<MainDNS/>
		<StandbyDNS/>
		<AutoGetPDP>1</AutoGetPDP>
		<PDPAddress/>
		<PDPType>IP</PDPType>
		<AuthType>PAP</AuthType>
		<AskUserAndPwd>0</AskUserAndPwd>
		<SaveUserAndPwd>0</SaveUserAndPwd>
	</IMSI>
<IMSI CCMNC="26803">
		<ConfigFileName>Optimus</ConfigFileName>
		<UserName/>
		<Password/>
		<LoginNumber>*99#</LoginNumber>
		<AutoGetAPN>0</AutoGetAPN>
		<APN>internet</APN>
		<AutoGetDNS>1</AutoGetDNS>
		<MainDNS/>
		<StandbyDNS/>
		<AutoGetPDP>1</AutoGetPDP>
		<PDPAddress/>
		<PDPType>IP</PDPType>
		<AuthType>PAP</AuthType>
		<AskUserAndPwd>0</AskUserAndPwd>
		<SaveUserAndPwd>0</SaveUserAndPwd>
	</IMSI>
<IMSI CCMNC="26806">
		<ConfigFileName>TMN</ConfigFileName>
		<UserName/>
		<Password/>
		<LoginNumber>*99#</LoginNumber>
		<AutoGetAPN>0</AutoGetAPN>
		<APN>internet</APN>
		<AutoGetDNS>1</AutoGetDNS>
		<MainDNS/>
		<StandbyDNS/>
		<AutoGetPDP>1</AutoGetPDP>
		<PDPAddress/>
		<PDPType>IP</PDPType>
		<AuthType>PAP</AuthType>
		<AskUserAndPwd>0</AskUserAndPwd>
		<SaveUserAndPwd>0</SaveUserAndPwd>
	</IMSI>
<IMSI CCMNC="26801">
		<ConfigFileName>Vodafone PT</ConfigFileName>
		<UserName>vodafone</UserName>
		<Password>vodafone</Password>
		<LoginNumber>*99#</LoginNumber>
		<AutoGetAPN>0</AutoGetAPN>
		<APN>internet.vodafone.pt</APN>
		<AutoGetDNS>1</AutoGetDNS>
		<MainDNS/>
		<StandbyDNS/>
		<AutoGetPDP>1</AutoGetPDP>
		<PDPAddress/>
		<PDPType>IP</PDPType>
		<AuthType>PAP</AuthType>
		<AskUserAndPwd>0</AskUserAndPwd>
		<SaveUserAndPwd>0</SaveUserAndPwd>
	</IMSI>
<IMSI CCMNC="27001">
		<ConfigFileName>LUXGSM</ConfigFileName>
		<UserName/>
		<Password/>
		<LoginNumber>*99#</LoginNumber>
		<AutoGetAPN>0</AutoGetAPN>
		<APN>web.pt.lu</APN>
		<AutoGetDNS>1</AutoGetDNS>
		<MainDNS/>
		<StandbyDNS/>
		<AutoGetPDP>1</AutoGetPDP>
		<PDPAddress/>
		<PDPType>IP</PDPType>
		<AuthType>PAP</AuthType>
		<AskUserAndPwd>0</AskUserAndPwd>
		<SaveUserAndPwd>0</SaveUserAndPwd>
	</IMSI>
<IMSI CCMNC="27077">
		<ConfigFileName>Tango</ConfigFileName>
		<UserName/>
		<Password/>
		<LoginNumber>*99#</LoginNumber>
		<AutoGetAPN>0</AutoGetAPN>
		<APN>internet</APN>
		<AutoGetDNS>1</AutoGetDNS>
		<MainDNS/>
		<StandbyDNS/>
		<AutoGetPDP>1</AutoGetPDP>
		<PDPAddress/>
		<PDPType>IP</PDPType>
		<AuthType>PAP</AuthType>
		<AskUserAndPwd>0</AskUserAndPwd>
		<SaveUserAndPwd>0</SaveUserAndPwd>
	</IMSI>
<IMSI CCMNC="27201">
		<ConfigFileName>Vodafone IE</ConfigFileName>
		<UserName>vodafone</UserName>
		<Password>vodafone</Password>
		<LoginNumber>*99#</LoginNumber>
		<AutoGetAPN>0</AutoGetAPN>
		<APN>isp.vodafone.ie</APN>
		<AutoGetDNS>1</AutoGetDNS>
		<MainDNS/>
		<StandbyDNS/>
		<AutoGetPDP>1</AutoGetPDP>
		<PDPAddress/>
		<PDPType>IP</PDPType>
		<AuthType>PAP</AuthType>
		<AskUserAndPwd>0</AskUserAndPwd>
		<SaveUserAndPwd>0</SaveUserAndPwd>
	</IMSI>

</ApnFiles>

